id,name,addr1addr2addr3,,phone1-phone2,
001,中野医院,北海道札幌市厚別区青葉町6丁目1-5,,011-891-1555,1:2:3:4:5:6:7:8:9:10:11:12
002,医療法人社団  青葉産婦人科クリニック,北海道札幌市厚別区青葉町6丁目1-9,,011-893-3207,8
003,勇気会医療法人  北央病院,北海道札幌市厚別区青葉町11丁目2-10,,011-892-8531,6:7:8:9:12
004,森林公園センタークリニック,北海道札幌市厚別区厚別北2条5丁目1-12,  森林公園パークタウンセンタービル2階,011-893-0008,1:2:3:4:5:6:7:9:10:11:12
005,医療法人社団桐佑会   札幌藤島クリニック,北海道札幌市厚別区厚別北4条4丁目1-8,,011-801-7707,1:2:3:4:5:6:7:8:9:10:11:12
006,そらいろこどもクリニック,北海道札幌市厚別区厚別北5条5丁目1-7,,011-375-8807,1:2:3:4:5:6:7:8:9:10:11:12
007,たけい内科胃腸科クリニック,北海道札幌市厚別区厚別中央1条3丁目5-1,,011-891-2707,1:2:3:6
008,新札幌耳鼻咽喉科医院,北海道札幌市厚別区厚別中央1条6丁目2-15,  新札幌センタービル2階,011-893-1133,10:11
009,新札幌内科クリニック,北海道札幌市厚別区厚別中央1条6丁目3-1, ホクノー新札幌ビル3階,011-895-7074,8
010,医療法人社団育悠会  新札幌こども発達クリニック,北海道札幌市厚別区厚別中央1条6丁目3-1,,011-893-1511,1:3:4:5:6:7:8
011,医療法人社団  はしもとクリニック,北海道札幌市厚別区厚別中央2条1丁目4-15,,011-891-2633,8
012,医療法人社団  幸田内科消化器クリニック,北海道札幌市厚別区厚別中央2条5丁目4-1,  新札幌七彩館ビル2階,011-896-3888,3:4:5:8:11
013,医療法人社団恒仁会  新さっぽろ小児科,北海道札幌市厚別区厚別中央2条5丁目6-3, 新さっぽろアークシティデュオⅡ   4F,011-895-8311,1:2:3:4:5:6:7:8:9:10:11:12
014,独立行政法人地域医療機能推進機構   JCHO札幌北辰病院,北海道札幌市厚別区厚別中央2条6丁目2-1,,011-893-3000,1:2:3:4:5:6:7:8:9:10:11:12
015,医療法人潤和会  札幌ひばりが丘病院,北海道札幌市厚別区厚別中央3条2丁目12-1,,011-894-7070,8
016,中川内科循環器科,北海道札幌市厚別区厚別中央4条2丁目18-20,,011-891-2943,3:8:11
017,社会福祉法人楡の会  こどもクリニック,北海道札幌市厚別区厚別町下野幌49番地,,011-898-3929,3:4:5:9
018,医療法人社団  育愛こども医院,北海道札幌市厚別区厚別西2条3丁目7-6,,011-893-3323,1:2:3:4:5:6:7:8:9:10:11:12
019,医療法人社団奏健会  さっぽろ厚別通内科,北海道札幌市厚別区厚別西5条1丁目15-21,,011-895-6671,3:4:5:8:11
020,医療法人徹仁会   厚別耳鼻咽喉科,北海道札幌市厚別区厚別西5条1丁目16-22,,011-894-7003,6:7:8
021,もみじ台クリニック,北海道札幌市厚別区厚別東1条5丁目18-15,,011-311-2006,1:2:3:4:5:6:7:8:9:10:11
022,医療法人社団   小野幌医院,北海道札幌市厚別区厚別東4条４丁目5-15,,011-897-8822,9
023,医療法人ＡＭＣ  あおば内科クリニック,北海道札幌市厚別区厚別南7丁目2-11,,011-891-1112,1:2:3:4:5:8:9
024,医療法人徳洲会  札幌徳洲会病院,北海道札幌市厚別区大谷地東1丁目1-1,,011-890-1110,1:2:3:4:5:6:7:8:9:10:11:12
025,医療法人社団  たむら小児科医院,北海道札幌市厚別区大谷地東4丁目1-2, 大谷地ターミナルメディカルビル,011-893-2288,1:2:3:4:5:6:7:8:9:10:11:12
026,医療法人社団  たさき子ども相談診療室,北海道札幌市厚別区大谷地東4丁目2-20,,011-802-2888,1:2:3:4:5:6:7:8:9:10:12
027,医療法人社団  椿原こどもクリニック,北海道札幌市厚別区上野幌2条2丁目3-11,,011-893-7550,1:2:3:4:5:6:7:8:9:10:11:12
028,医療法人社団アカシア会  いたや内科消化器科,北海道札幌市厚別区上野幌3条3丁目2-1,,011-896-2828,6:7:8:11
029,ＳＡＭ   ＣＬＩＮＩＣ,北海道札幌市厚別区上野幌3条6丁目5-6,,011-215-6120,1:2:3:4:5:6:7:8:9:10:11:12
030,医療法人社団  高橋内科医院,北海道札幌市厚別区もみじ台北5丁目1-2,,011-897-2358,3:8
031,医療法人社団恒仁会  くまがい小児科,北海道札幌市厚別区もみじ台西6丁目1-7,,011-897-1118,1:2:3:4:5:6:7:8:9:10:11:12
032,医療法人社団秀和会  いでうち内科医院,北海道札幌市厚別区もみじ台東4丁目2-7,,011-897-0053,1:2:3:4:5:6:7:8:9
033,医療法人社団  増田内科クリニック,北海道札幌市厚別区もみじ台南1丁目2-9,,011-897-9191,3:4:5:9
034,せんば内科医院,北海道札幌市厚別区もみじ台南6丁目1-6,,011-897-6123,3:4:5:6:8:9
035,医療法人トルチュ  氏家記念こどもクリニック,北海道札幌市中央区大通東3丁目1-1, トルチュビル  3階,011-281-2811,1:2:3:4:5:6:7:8:9:10:11:12
036,医療法人社団石史山会  札幌スポーツクリニック,北海道札幌市中央区大通東4丁目1番19号,,011-281-8755,8
037,医療法人社団  清野内科クリニック,北海道札幌市中央区大通西4丁目1,  道銀ビル7階,011-221-2213,8:9
038,まどかレディースクリニック,北海道札幌市中央区大通西5丁目８,   昭和ビル9階,011-231-0080,8
039,中央メディカルクリニック,北海道札幌市中央区大通西5丁目11,  大五ビル1階,011-222-0120,3:4:5:8:9:11:12
040,大通こどもクリニック,北海道札幌市中央区大通西16丁目1-30,   第10FUYOビル  8階,011-215-5103,1:3:4:5:6:7:9:10:11:12
041,塚本循環器ハートクリニック,北海道札幌市中央区大通西17丁目1-27札幌メディケアセンタービル3階,,011-623-4810,11
042,医療法人  むらしたこどもクリニック,北海道札幌市中央区大通西25丁目1-2,  ハートランド円山メディカルビル2階,011-640-7300,1:2:3:4:5:6:7:8:9:10:11:12
043,医療法人社団ゆほな会はやしたくみ女性クリニック,北海道札幌市中央区大通西25丁目1-2,  ハートランド円山メディカルビル3階,011-640-8845,3:8
044,医療法人渓仁会  渓仁会円山クリニック,北海道札幌市中央区大通西26丁目3-16,,011-611-7766,8
045,医療法人社団  円山公園内科,北海道札幌市中央区大通西28丁目3-22,,011-633-0123,3:8:11
046,セントベビークリニック,北海道札幌市中央区北1条西2丁目1,,011-215-0880,8
047,コロンビア内科,北海道札幌市中央区北1条西3丁目3,  時計台スクエアビル4階,011-207-2227,1:2:3:6:7:8:11:12
048,医療法人社団  大通こしやま内科消化器クリニック,北海道札幌市中央区北1条西4丁目1-1,  三甲大通公園ビル1階,011-596-7788,3:5:8
049,エナ大通クリニック,北海道札幌市中央区北1条西4丁目1-1,  三甲大通公園ビル2階,011-241-3000,8
050,円山ため小児科,北海道札幌市中央区北1条西23丁目2-14,  RK円山鳥居前ビル  3階,011-623-5755,1:2:3:4:5:6:7:8:9:10:11:12
051,円山内科消化器クリニック,北海道札幌市中央区北1条西24丁目4-1,  東光ストア円山店5F,011-215-4137,11
052,円山レディースクリニック,北海道札幌市中央区北1条西25丁目24-4,,011-614-0800,4:5:6:7:8:10:11
053,社会医療法人社団カレスサッポロ  時計台記念病院,北海道札幌市中央区北1条東1丁目2-3,,011-251-1221,8
054,社会医療法人社団カレスサッポロ 時計台記念クリニック,北海道札幌市中央区北1条東1丁目2-3,,011-251-2221,8
055,創世内科クリニック,北海道札幌市中央区北1条東3丁目2-2,  シティハウス札幌大通東1階,011-272-7111,3:5:10:11
056,医療法人社団  草薙レディースクリニック,北海道札幌市中央区北2条西1丁目1,  マルイト札幌ビル2階,011-222-9372,8
057,富田内科循環器科クリニック,北海道札幌市中央区北2条西1丁目1,  マルイト札幌ビル2階,011-242-5300,8
058,医療法人社団緑生会  緑の森皮フ科クリニック,北海道札幌市中央区北2条西3丁目,  朝日生命札幌ビル5階,011-221-0002,8
059,医療法人社団  神谷レディースクリニック,北海道札幌市中央区北3条西2丁目2-1,  日通札幌ビル2階,011-231-2722,8
060,医療法人社団  やましな内科クリニック,北海道札幌市中央区北2条西4丁目1-2, 北海道ビルヂング5階,011-241-9074,3:4:5:6:7:8:9:11
061,医療法人沢史会サッポロファクトリーこどもクリニック,北海道札幌市中央区北2条東４丁目1−2,  サッポロファクトリー2条館,011-223−7800,1:2:3:4:5:6:7:8:9:10:11:12
062,医療法人社団  斎藤医院,北海道札幌市中央区北2条東8丁目86,,011-231-5507,1:2:3:4:5:8:9:11
063,石田内科クリニック,北海道札幌市中央区北3条西2丁目,  本田ビル2階,011-222-2706,6:7:8
064,医療法人社団みぶな会  産科・婦人科ひなたクリニック,北海道札幌市中央区北3条西4丁目1-1,  日本生命札幌ビル3階,011-204-8000,8
065,医療法人社団慈昂会  昂希内科クリニック,北海道札幌市中央区北3条西24丁目1-22,,011-611-2711,8:10:11
066,かねし小児科,北海道札幌市中央区北3条西25丁目1-20,,011-612-0345,1:2:3:4:5:6:7:9:10:11:12
067,ＪＲ札幌病院,北海道札幌市中央区北3条東1丁目,,011-208-7150,1:2:3:4:5:6:7:8:9:10:11:12
068,ＪＡ北海道厚生連  札幌厚生病院,北海道札幌市中央区北3条東8丁目5,,011-261-5331,1:3:4:5:6:7:8:9:10:11:12
069,札幌駅前しきしま乳腺外科クリニック,北海道札幌市中央区北4条西3丁目,  駅前合同ビル8階,011-208-6000,8
070,医療法人社団龍櫻会  札幌駅前さくら形成外科,北海道札幌市中央区北4条西3丁目,  駅前合同ビル9階,011-242-1155,8
071,こころメンタルクリニック,北海道札幌市中央区北4条西3丁目1,  札幌駅前合同ビル5階,011-280-5000,8
072,富澤内科クリニック,北海道札幌市中央区北4条西5丁目1,  アスティ45ビル6階,011-205-6181,8:11
073,国家公務員共済組合連合会  斗南病院,北海道札幌市中央区北4条西7丁目3-8,,011-231-2121,8
074,クリニック・イン・ザ・モーニング,北海道札幌市中央区北4条西16丁目1-3,,011-611-2005,1:2:3:4:5:6:7:8:9:10:11:12
075,斗南前よしざき内科消化器内科クリニック,北海道札幌市中央区北5条西6丁目2-2,  札幌センタービル14階,011-222-0700,11
076,宮の森ファミリークリニック,北海道札幌市中央区北5条西27丁目2-1,,011-623-0023,1:2:3:4:5:6:7:8:9:10:11:12
077,医療法人社団  清水クリニック,北海道札幌市中央区北5条西27丁目2-3, メディック28ビル3階,011-622-8985,11
078,そうえんにっこり小児科,北海道札幌市中央区北7条西15丁目28-11, 中央カクマンビル2階,011-213-8020,1:2:3:4:5:6:7:8:9:10:11:12
079,北円山  杜のこどもクリニック,北海道札幌市中央区北9条西24丁目1-26,,011-616-8700,1:2:3:4:5:6:7:8:9:10:11:12
080,桑園駅前内科クリニック,北海道札幌市中央区北10条西15丁目1-57ブランズ札幌桑園駅前ウエスト1階,,011-642-3111,11
081,市立札幌病院,北海道札幌市中央区北11条西13丁目1-1,,011-726-2211,1:2:3:4:5:6:7:8:9:10:12
082,市立病院前内科,北海道札幌市中央区北11条西14丁目1-1ほくやくビル２階,,011-790-8230,11
083,のだレディースクリニック,北海道札幌市中央区北11条西15丁目2-1,  サンエーアインビル2階,011-708-0550,8
084,医療法人社団水色の木もれ陽   肝臓クリニック札幌,北海道札幌市中央区北11条西15丁目2-1,  サンエーアインビル3階,011-708-8080,1:2:3:4:5:6:7:9:10:11:12
085,椿診療所,北海道札幌市中央区南1条西10丁目3,  南一条道銀ビル1階,011-281-0808,8
086,ＮＴＴ東日本札幌病院,北海道札幌市中央区南1条西15丁目,,011-623-7000,1:2:3:4:5:6:7:8:9:10:11:12
087,医療法人社団さっぽろ小児内分泌クリニック,北海道札幌市中央区南1条西16丁目,  レーベンビル3階,011-688-7080,1:2:3:4:5:6:7:8:10:11:12
088,医療法人  糖生会大通り内科クリニック,北海道札幌市中央区南1条西16丁目,  レーベンビル4階,011-632-8500,4:5
089,医療法人社団  小泉呼吸器科・内科クリニック,北海道札幌市中央区南1条西27丁目1-41,,011-632-8881,1:2:3:4:5:6:7:8:9:10:11
090,医療法人社団  ルミネレディースクリニック,北海道札幌市中央区南1条西2丁目,  南一条Kビル3階,011-200-7700,8
091,医療法人  日之出内科クリニック,北海道札幌市中央区南1条西4丁目13,  日之出ビル7階,011-200-7757,4:5:8:11
092,医療法人社団  モリタ内科胃腸科クリニック,北海道札幌市中央区南1条西4丁目5-1,  大手町ビル6階,011-222-6667,8:9:11
093,医療法人明日葉会  札幌マタニティ・ウイメンズ南一条クリニック,北海道札幌市中央区南1条西6丁目,  第27桂和ビル4階,011-208-1880,8
094,財団法人パブリックヘルスリサーチセンター北海道支部  札幌商工診療所,北海道札幌市中央区南1条西6丁目11,  札幌北辰ビル2階,011-251-2884,8
095,医療法人社団花水木  札幌こころの診療所,北海道札幌市中央区南1条東2丁目6,  大通バスセンタービル2号館5階,011-218-8888,10:11
096,響きの杜クリニック,北海道札幌市中央区南2条西27丁目1-9,,011-632-8331,8
097,医療法人社団  林レディースクリニック,北海道札幌市中央区南2条西3丁目,  エルセントロ札幌3階,011-206-3050,8:9
098,桜井内科・胃腸内科,北海道札幌市中央区南2条西3丁目12-5,  江木ビル8階,011-272-1155,8
099,医療法人社団小六メディカルクリニック  おおこうち産科婦人科,北海道札幌市中央区南2条西8丁目10,,011-233-4103,8
100,医療法人社団結仁会  浜田内科消化器科クリニック,北海道札幌市中央区南3条西2丁目1-1,  H&Bプラザビル4階,011-219-5555,8:12
101,竹村クリニック,北海道札幌市中央区南3条西12丁目325番地,,011-271-1811,8
102,医療法人社団  円山リラクリニック,北海道札幌市中央区南3条西21丁目2-11,,011-611-1366,3:8
103,医療法人えんどう会  創成東病院,北海道札幌市中央区南3条東3丁目13,,011-222-2117,11
104,医療法人社団  にひら小児科医院,北海道札幌市中央区南4条西6丁目4,,011-521-1391,1:2:3:4:5:6:7:8:9:10:11:12
105,ほしい小児科・整形外科,北海道札幌市中央区南4条西16丁目1-28,,011-561-2132,1:2:3:4:5:6:7:8:9:10:11:12
106,医療法人菊郷会  愛育病院,北海道札幌市中央区南4条西25丁目2-1,,011-563-2211,1:2:3:4:5:6:7:8:9:10:11:12
107,田畑産婦人科,北海道札幌市中央区南5条西2丁目6,,011-531-7770,6:8
108,佐野内科医院,北海道札幌市中央区南5条西15丁目1-6,,011-561-0288,8:11
109,南円山内科医院,北海道札幌市中央区南6条西20丁目2-5,,011-520-3670,3:6:7:8:12
110,医療法人社団杏友会  リバーサイド内科循環器科クリニック,北海道札幌市中央区南7条西2丁目1, 第2リバーサイドマンション1階,011-521-2321,6:7:8:9
111,南７条クリニック,北海道札幌市中央区南7条西9丁目1024-2,,011-551-2121,1:2:3:4:5:6:7:8:9:10:11:12
112,中央内科医院,北海道札幌市中央区南7条西15丁目2-1-1,,011-561-6362,8
113,医療法人社団若浜医院,北海道札幌市中央区南7条西17丁目1-5,,011-561-6767,1:2:3:4:5:6:7:8:9:10:11:12
114,医療法人社団  産婦人科吉尾医院,北海道札幌市中央区南8条西3丁目1-7,,011-511-5564,8
115,医療法人社団  高木医院,北海道札幌市中央区南8条西18丁目1-15,,011-561-0019,1:2:3:4:5:6:7:8:9:10:11
116,医療法人社団  旭山内科クリニック,北海道札幌市中央区南8条西24丁目2-11, 旭山公園メディカル2階,011-552-3666,3:4:5:6:7:8:9:11
117,おく医院,北海道札幌市中央区南9条西13丁目3-8,,011-561-2826,1:2:3:4:5:6:7:8:9:10:11:12
118,医療法人社団  さっぽろ幌西クリニック,北海道札幌市中央区南9条西15丁目3-30,,011-551-3315,11
119,中橋内科クリニック,北海道札幌市中央区南10条西21丁目7-17,,011-561-3330,8
120,田代内科呼吸器科クリニック,北海道札幌市中央区南11条西8丁目2-1,  ドミ16中島公園1階,011-561-2511,1:2:3:4:5:6:8:9:12
121,高岡レディースケアクリニック,北海道札幌市中央区南11条西13丁目2-3,,011-562-2882,8
122,医療法人社団  今井内科小児科医院,北海道札幌市中央区南11条西18丁目1-25,,011-561-3627,1:2:3:4:5:6:7:8:9:10:11:12
123,土田内科・循環器科クリニック,北海道札幌市中央区南11条西21丁目4-33,,011-512-2020,3:8:11
124,西線医院,北海道札幌市中央区南12条西15丁目3-1,,011-561-8507,8
125,医療法人みたに胃腸内科,北海道札幌市中央区南13条西22丁目2-11,,011-530-1522,8:9
126,行啓通り  かこクリニック,北海道札幌市中央区南14条西8丁目5-1-102,,011-596-9500,3:5:8:10:11
127,医療法人社団  はせ小児科クリニック,北海道札幌市中央区南14条西18丁目4-3,,011-532-5151,1:2:3:4:5:6:7:8:9:10:11:12
128,医療法人社団千風会  ちあき内科呼吸器科クリニック,北海道札幌市中央区南15条西11丁目1-5,  唯ビル2階,011-522-3777,8
129,やまはな野村内科クリニック,北海道札幌市中央区南15条西14丁目1-22,  マックスバリュ南15条店2階,011-520-3360,3:8:10:11
130,あんざい内科クリニック,北海道札幌市中央区南16条西7丁目2-15,,011-511-9073,1:2:3:4:5:6:7:8
131,松家内科小児科医院,北海道札幌市中央区南17条西6丁目4-13,,011-521-1141,1:2:3:4:5:6:7:8:9:10:11:12
132,医療法人社団   伏見内科,北海道札幌市中央区南19条西14丁目1-4,,011-513-2430,9
133,きちかわクリニック,北海道札幌市中央区南20条西14丁目1573-8,,011-518-5257,10:11:12
134,ゆうしん内科クリニック,北海道札幌市中央区南20条西16丁目2-1,,011-552-7000,11
135,医療法人社団  土田病院,北海道札幌市中央区南21条西9丁目,,011-531-7013,4:5:8:12
136,医療法人社団  きむら小児科医院,北海道札幌市中央区南21条西13丁目2-3,,011-513-2220,1:2:3:4:5:6:7:8:9:10:11:12
137,オアシスレディースクリニック,北海道札幌市中央区南22条西11丁目1-48, 山鼻メディカルビル4階,011-512-2525,8
138,社会医療法人  北海道循環器病院,北海道札幌市中央区南27条西13丁目1-30,,011-563-3911,8
139,医療法人社団明日佳   札幌明日佳病院,北海道札幌市中央区宮の森１条17丁目1-25,,011-513-2430,9
140,医療法人社団  うめつ小児科,北海道札幌市中央区宮の森2条5丁目5-15,,011-643-8878,1:2:3:4:5:6:7:8:9:10:11:12
141,医療法人社団青葉   いまいホームケアクリニック,北海道札幌市中央区宮の森3条1丁目1-38,,011-215-8098,10:11
142,宮の森三条内科クリニック,北海道札幌市中央区宮の森3条6丁目2-10,,011-616-0036,8:11
143,医療法人讃生会  宮の森記念病院,北海道札幌市中央区宮の森3条7丁目5-25,,011-641-6641,8
144,医療法人社団田邉医院新生クリニック,北海道札幌市東区北10条東6丁目1-35,,011-741-2688,11
145,医療法人社団  川島医院,北海道札幌市東区北11条東10丁目1-1,,011-711-9965,1:2:3:4:5:6:7:8:9:10:11:12
146,社会医療法人母恋  天使病院,北海道札幌市東区北12条東3丁目1-1,,011-711-0101,1:2:3:4:5:6:7:8:9:10:11:12
147,社会医療法人社団カレスサッポロ  よつば家庭医療クリニック,北海道札幌市東区北12条東4丁目1-1,,011-722-7700,1:3:4:5:6:7:9:10:11
148,医療法人社団  ポプラ小児科医院,北海道札幌市東区北12条東7丁目17, メディカルセンター光星1階,011-711-7425,1:2:3:4:5:6:7:8:9:10:11:12
149,光星メディカルクリニック,北海道札幌市東区北12条東7丁目17, メディカルセンター光星2階,011-704-6887,3:5:6:7:8
150,医療法人社団健守会  札幌でむら小児クリニック,北海道札幌市東区北16条東16丁目1-13, 北愛メディカルビル3階,011-781-4115,1:2:3:4:5:6:7:8:9:10:11:12
151,医療法人社団  野沢医院,北海道札幌市東区北17条東1丁目2-25,,011-741-3535,1:2:3:4:5:6:7:8:9:10:11:12
152,医療法人育愛会  札幌東豊病院,北海道札幌市東区北17条東15丁目3-1,,011-704-3911,1:2:3:4:5:6:7:8:9:10:12
153,北18条つじ内科・消化器内科,北海道札幌市東区北18条東1丁目3-3,,011-752-1801,11
154,医療法人社団  谷村医院サンクリニック,北海道札幌市東区北19条東8丁目5-2,,011-731-7226,1:2:5:6:7:8:9
155,美香保医院,北海道札幌市東区北20条東7丁目2-27,,011-711-7787,1:2:3:4:5:6:7:8:9:12
156,医療法人社団  藤田医院,北海道札幌市東区北20条東13丁目1-2,,011-711-8084,1:2:3:4:5:6:7:9:10:11:12
157,医療法人社団  石川内科医院,北海道札幌市東区北23条東9丁目1-27,,011-751-2750,1:2:3:4:5:6:7:8:9:10:11:12
158,医療法人社団  明園内科小児科医院,北海道札幌市東区北23条東13丁目1-15,,011-751-0221,1:3:4:5:9
159,ふるかわ小児科アレルギー科クリニック,北海道札幌市東区北24条東16丁目1-7, グローバリビル,011-789-5555,1:2:3:4:5:6:7:8:9:10:11:12
160,元町内科クリニック,北海道札幌市東区北23条東16丁目1-11元町メディカルビル2階,,011-787-6666,11
161,医療法人社団  中村医院,北海道札幌市東区北24条東17丁目1-19,,011-782-1901,3:4:5:6:7:8:9:11
162,医療法人社団元町こどもの城  元町こどもクリニック,北海道札幌市東区北24条東21丁目5-1, グリーンメディカルモール2階,011-782-2820,1:2:3:4:5:6:7:8:9:10:11:12
163,医療法人社団昭平会  みよか内科クリニック,北海道札幌市東区北24条東21丁目5-1,  グリーンメディカルモール1階,011-781-3431,8
164,こころと発達クリニック   えるむの木,北海道札幌市東区北25条東3丁目1-37,,011-733-0087,1:2:3:4:5:6:7:8:9:10:11:12
165,医療法人社団  平澤内科呼吸器科クリニック,北海道札幌市東区北25条東3丁目3-11,,011-711-8297,1:2:3:4:5:6:7:8:9:10:11:12
166,医療法人社団  八田内科,北海道札幌市東区北25条東15丁目4-27,,011-751-2548,8
167,医療法人社団豊生会   元町ひまわり消化器内科・腎透析クリニック,北海道札幌市東区北25条東20丁目7-1,,011-783-5100,1:2:3:4:5:8:11
168,公益財団法人  北海道対がん協会札幌がん検診センター,北海道札幌市東区北26条東14丁目1-15,,011-748-5511,8
169,社会医療法人社団カレスサッポロ  北光記念クリニック,北海道札幌市東区北27条東8丁目1-15,,011-722-1122,11
170,にしはら内科クリニック,北海道札幌市東区北30条東1丁目4-1,,011-721-2486,8
171,医療法人社団  石田内科小児科医院,北海道札幌市東区北30条東13丁目3-10,,011-753-0380,1:2:3:4:5:6:7:8:9:10:11:12
172,医療法人徳洲会  札幌東徳洲会病院,北海道札幌市東区北33条東14丁目3-1,,011-722-1110,1:2:3:4:5:6:7:8:9:10:12
173,社会福祉法人麦の子会  むぎのこ発達クリニック,北海道札幌市東区北36条東10丁目2-7,,011-753-6467,1:2:3:4:5:6:7:8:9:10:11:12
174,医療法人基仁会新道東おおた内科,北海道札幌市東区北37条東15丁目1-24,,011-748-1551,1:2:3:4:5:8:9:10:11
175,石川内科クリニック,北海道札幌市東区北38条東7丁目2-17,  北栄メディカルビル1階,011-752-7337,1:2:3:4:5:6:7:8:9:10:11:12
176,社会医療法人   耳鼻咽喉科麻生病院,北海道札幌市東区北40条東1丁目1-7,,011-731−4133,3:4:5:9
177,鈴木内科医院,北海道札幌市東区北40条東3丁目2-17,,011-751-4038,8
178,みきファミリークリニック,北海道札幌市東区北41条東7丁目3-12,,011-299-6555,1:2:3:4:5:6:7:8:9:10:11:12
179,医療法人北海道家庭医療学センター栄町ファミリークリニック,北海道札幌市東区北41条東15丁目1-18,,011-723-8633,1:2:3:4:5:6:7:8:9:10:11:12
180,特定医療法人とこはる  東栄病院,北海道札幌市東区北41条東16丁目3-14,,011-782-0111,1:2:3:4:5:6:7:8:9:10:11:12
181,栄町レディースクリニック,北海道札幌市東区北42条東16丁目1-1,,011-783-1111,8
182,医療法人社団  ちいろば子供クリニック,北海道札幌市東区北42条東16丁目1-1,  N42メディカルビル4階,011-789-3888,1:2:3:4:5:6:7:8:9:10:11:12
183,栄町内科循環器内科クリニック,北海道札幌市東区北42条東16丁目1-1N42メディカルビル6階,,011-789-2311,11
184,医療法人社団  栄北小児科,北海道札幌市東区北45条東1丁目3-20,,011-731-1640,1:2:3:4:5:6:7:8:9:10:11:12
185,医療法人為久会  札幌共立医院,北海道札幌市東区北48条東1丁目1-5,,011-752-4101,8
186,医療法人社団豊生会丘珠明陽医院,北海道札幌市東区北丘珠3条1丁目21-20,,011-781-1145,1:2:3:4:5:6:7:8:9:10:11:12
187,医療法人社団  北海道こども心療内科氏家医院,北海道札幌市東区苗穂町3丁目2-37,,011-711-3450,1:2:3:4:5:6:7:8:9:10:11:12
188,医療法人社団豊生会  東雁来すこやか内科・小児科クリニック,北海道札幌市東区東雁来11条4丁目1-10,,011-791-9991,1:2:3:4:5:6:7:8:9:10:11:12
189,医療法人社団豊生会  東苗穂病院,北海道札幌市東区東苗穂3条1丁目2-18,,011-784-1121,3:8:10:11
190,医療法人社団  つかざき小児科,北海道札幌市東区東苗穂4条1丁目14-101,  成和ビル2階,011-781-2200,1:2:3:4:5:6:7:8:9:10:11:12
191,勤医協中央病院,北海道札幌市東区東苗穂5条1丁目41番地,,011-782-9111,8
192,医療法人社団  ユーこどもクリニック,北海道札幌市東区東苗穂7条2丁目2-25,  C7ビル1階,011-785-4970,1:2:3:4:5:6:7:8:9:10:11:12
193,医療法人社団英仁会  札苗病院,北海道札幌市東区東苗穂7条2丁目8-20,,011-783-3311,8
194,医療法人社団プライマリ  さの内科循環器クリニック,北海道札幌市東区東苗穂12条2丁目21-15,,011-791-5333,1:2:3:4:5:6:7:8:9:10:11:12
195,医療法人  モエレ外科胃腸科,北海道札幌市東区東苗穂12条3丁目21-3,,011-791-7711,8
196,医療法人社団  伏古レディースクリニック,北海道札幌市東区伏古8条3丁目6-20,,011-780-1103,6:7:8
197,勤医協伏古10条クリニック,北海道札幌市東区伏古10条3丁目,,011-786-5588,11
198,医療法人社団  岡田内科呼吸器科クリニック,北海道札幌市東区伏古12条5丁目8-22,,011-787-2171,3:4:5:7:8:9:10:11
199,医療法人いけだ内科循環器クリニック,北海道札幌市東区本町1条7丁目1-46,,011-789-0055,8:10:11
200,医療法人社団ブロッサム  苗穂レディスクリニック,北海道札幌市東区本町2条5丁目2-4,,011-781-1955,1:2:4:5:6:7:8:9:12
201,医療法人社団 めばえこどもクリニック,北海道札幌市北区あいの里1条3丁目4-8,,011-770-5160,1:2:3:4:5:6:7:8:9:10:11:12
202,医療法人社団 あいの里内科消化器科クリニック,北海道札幌市北区あいの里1条6丁目, クリーンリバーネオシティあいの里1階,011-778-7111,1:2:3:4:5:6:7:8:9:10:11:12
203,かしま内科クリニック,北海道札幌市北区あいの里2条3丁目16-7,,011-778-7031,3:8:11
204,北海道医療大学病院,北海道札幌市北区あいの里2条5丁目,,011-778-7575,1:2:3:4:5:6:7:8:9:10:11:12
205,医療法人社団 いけだクリニック,北海道札幌市北区あいの里2条8丁目4-5,,011-778-2721,1:2:3:4:5:6:7:8:9:10:11:12
206,鈴木外科循環器科クリニック,北海道札幌市北区あいの里3条4丁目8-1,,011-770-4730,3:4:5
207,さっぽろ内科・リウマチ膠原病クリニック,北海道札幌市北区北7条西2丁目20, 東京建物札幌ビル3階,011-700-2000,1:3:4:5:6:7:9:10:11
208,医療法人社団モアナ  エムズレディースクリニック,北海道札幌市北区北7条西5丁目7-1, 札幌北スカイビル5階,011-738-7777,8
209,ウィミンズクリニック札幌,北海道札幌市北区北7条西5丁目8-1, 北7条ヨシヤビル5階,011-738-7877,8:11:12
210,公益財団法人結核予防会北海道支部 札幌複十字総合健診センター,北海道札幌市北区北8条西3丁目28, 札幌エルプラザ5階,011-700-1331,8
211,医療法人社団 札幌駅前アップルレディースクリニック,北海道札幌市北区北8条西3丁目28, 札幌エルプラザ6階,011-736-8222,8:11
212,医療法人社団 佐藤診療所,北海道札幌市北区北12条西2丁目,,011-716-1637,3:4:5:8
213,医療法人明日葉会 札幌マタニティ・ウイメンズホスピタル,北海道札幌市北区北13条西4丁目2-23,,011-746-5505,1:2:4:5:6:7:8:9:10:12
214,北16条内科循環器クリニック,北海道札幌市北区北16条西4丁目1-19,,011-738-1212,8:11
215,なかお内科循環器クリニック,北海道札幌市北区北17条西3丁目2-1, 1階,011-729-5510,8
216,医療法人社団 北20条内科クリニック,北海道札幌市北区北20条西6丁目2-10,,011-758-8080,1:2:3:4:5:8:9:11:12
217,リズミック産婦人科クリニック,北海道札幌市北区北22条西5丁目1-32,,011-700-0505,8
218,医療法人社団和仁会 平田内科クリニック,北海道札幌市北区北24条西14丁目3-15,,011-756-2220,8
219,くすのきこどもクリニック,北海道札幌市北区北24条西14丁目3-8, 北24条通メディカルプレイス2階,011-717-0415,1:2:3:4:5:6:7:8:9:10:11:12
220,医療法人社団 さとう小児科医院,北海道札幌市北区北25条西5丁目1-1,,011-756-5007,1:2:3:4:5:6:7:8:9:10:11:12
221,医療法人社団眞明会 今医院,北海道札幌市北区北25条西8丁目2-3,,011-716-9255,1:2:3:4:5:6:7:8:9:10:11:12
222,医療法人社団 小林内科小児科医院,北海道札幌市北区北28条西5丁目2-16,,011-716-8531,1:2:3:4:5:6:7:8:9:10:11:12
223,しもかわ内科・循環器内科,北海道札幌市北区北29条西15丁目3-8,,011-716-1300,11
224,医療法人社団昇英会 整形外科新川駅いとかクリニック,北海道札幌市北区北29条西15丁目3-8,,011-716-1117,10:11
225,医療法人社団慈Th会 小林内科クリニック,北海道札幌市北区北38条西2丁目2-17,,011-709-5885,1:2:3:4:5:6:7:8:9:10:11:12
226,西村外科胃腸科,北海道札幌市北区北40条西4丁目2-1, 麻Thメディカルビル2階,011-757-1560,6:7:8
227,医療法人社団北耀会 あさぶ小児科,北海道札幌市北区北40条西4丁目2-15, 東光ストア麻Th店2階,011-717-3111,1:2:3:4:5:6:7:8:9:10:11:12
228,医療法人 しのろファミリークリニック,北海道札幌市北区篠路2条10丁目12-1,,011-771-2800,1:2:3:4:5:6:7:8:9:10:11:12
229,川島内科胃腸科,北海道札幌市北区篠路2条3丁目5-10,,011-773-8233,8:11
230,医療法人社団篠路こどもクリニック,北海道札幌市北区篠路3条6丁目4-32,,011-776-0776,1:2:3:4:5:6:7:8:9:10:11:12
231,医療法人社団健志会 しのろ駅前医院,北海道札幌市北区篠路4条6丁目11-17,,011-774-8388,1:2:3:4:5:6:7:8:9:10:11:12
232,医療法人社団大黒会 吉田医院,北海道札幌市北区篠路5条5丁目7-1,,011-771-2020,3:6:7:8
233,社会医療法人康和会 札幌しらかば台篠路病院,北海道札幌市北区篠路7条4丁目2-15,,011-773-0711,8
234,医療法人社団 五稜会病院,北海道札幌市北区篠路9条6丁目2-3,,011-771-5660,8
235,横山内科医院,北海道札幌市北区篠路10条2丁目11-22,,011-771-1611,1:2:3:4:5:6:7:8:9:10:11
236,医療法人社団 新川ファミリエ内科,北海道札幌市北区新川3条7丁目1-10-1,,011-763-8118,3:5:8:10:11
237,医療法人アパンド  みみ・はな・のど横浜クリニック,北海道札幌市北区新川3条7丁目1-3,,011-765-4580,6:7:8:10:11
238,玄気堂漢方内科クリニック,北海道札幌市北区新川4条1丁目3-3, ecoa新川クリニックモール2階,011-640-7740,8
239,医療法人社団 中鉢小児クリニック,北海道札幌市北区新川4条10丁目7-13,,011-764-1118,1:2:3:4:5:6:7:9:10:11:12
240,社会医療法人延山会 北成病院,北海道札幌市北区新川西3条2丁目10-1,,011-764-3021,8:11
241,医療法人社団 池田内科,北海道札幌市北区新琴似1条13丁目1-7,,011-764-8833,1:2:3:4:5:6:7:8:9:10:11
242,医療法人社団   どい内科クリニック,北海道札幌市北区新琴似1条3丁目3-13,,011-769-1200,1:3:5:8:10:11:12
243,大沼内科クリニック,北海道札幌市北区新琴似1条8丁目22-17,,011-764-3110,1:2:3:4:5:6:7:8:9:10:11:12
244,飛騨内科クリニック,北海道札幌市北区新琴似2条11丁目7-7,,011-769-8002,3:4:5:6:7:8
245,医療法人社団 阿部内科医院,北海道札幌市北区新琴似3条11丁目7-24,,011-761-2395,1:2:3:4:5:6:7:8:9:10:11:12
246,医療法人研成会 札幌鈴木病院,北海道札幌市北区新琴似3条1丁目1-27,,011-709-5511,
247,のびるこどもクリニック,北海道札幌市北区新琴似5条2丁目1-9,,011-766-2206,1:2:3:4:5:6:7:9:10:11:12
248,医療法人社団 布施川内科医院,北海道札幌市北区新琴似7条14丁目4-23,,011-764-2411,1:2:3:4:5:6:7:8:9:10:11:12
249,医療法人社団 おおさき内科,北海道札幌市北区新琴似7条9丁目6-21,,011-766-0666,3:8:11
250,医療法人社団 横山医院,北海道札幌市北区新琴似8条13丁目1-4,,011-761-2484,1:2:3:4:5:6:7:8:9:10:11:12
251,医療法人社団 新琴似内科クリニック,北海道札幌市北区新琴似8条6丁目1-1,,011-761-1076,8:11
252,勤医協札幌北区ぽぷらクリニック,北海道札幌市北区新琴似10条2丁目1,,011-762-8811,11
253,小児科高橋医院,北海道札幌市北区新琴似10条8丁目3-1,,011-765-3820,1:2:3:4:5:6:7:8:9:10:11:12
254,内科小児科さとう医院,北海道札幌市北区太平10条7丁目2-7,,011-771-5251,1:2:3:4:5:6:7:8:9
255,太平高山内科クリニック,北海道札幌市北区太平12条4丁目8-13,,011-770-2177,3:11
256,ひまわり内科小児科医院,北海道札幌市北区拓北6条2丁目6-18,,011-771-8551,3:4:5:6:7:8:9
257,医療法人社団 こすげ内科医院,北海道札幌市北区屯田2条3丁目8-10,,011-771-6101,3:4:5:11
258,医療法人社団 たちばなこどもクリニック,北海道札幌市北区屯田4条1丁目7-10,,011-773-7377,1:2:3:4:5:6:7:8:9:10:11:12
259,医療法人社団 ふるや内科,北海道札幌市北区屯田4条3丁目2-10,,011-771-2211,1:2:3:4:5:6:7:8:9:10:11
260,医療法人社団 朋佑会札幌産科婦人科,北海道札幌市北区屯田6条2丁目11-1,,011-774-0303,1:2:3:4:5:6:7:8:9:10:11:12
261,医療法人社団 とんでん小児科,北海道札幌市北区屯田6条6丁目5-32,,011-773-6121,1:2:3:4:5:6:7:8:9:10:11:12
262,メディック北札幌,北海道札幌市北区屯田7条3丁目10-15,,011-775-5000,1:3:4:5:6:7:8:9:10:11:12
263,医療法人桃実会   にわ糖尿病・内科クリニック,北海道札幌市北区屯田9条3丁目1-20,,011-790-7900,3:4:5:8
264,医療法人社団 ゆりがはら内科 ケア＆クリニック,北海道札幌市北区百合が原7丁目4-25,,011-770-7111,3:4:5:9
265,医療法人社団 札幌百合の会病院,北海道札幌市北区百合が原11丁目186,,011-771-1501,1:2:3:4:5:6:7:9:10:11:12
266,医療法人社団澪和会 なかの小児科,北海道札幌市清田区美しが丘3条2丁目3-1, コートロティ美しが丘1階,011-881-1505,1:2:3:4:5:6:7:8:9:10:11:12
267,医療法人社団群仁会 保坂内科クリニック,北海道札幌市清田区美しが丘4条5丁目3-15,,011-884-7868,3:4:5:6:7:8:9:10:11
268,北海道医療Th協 札幌緑愛病院,北海道札幌市清田区北野1条1丁目6-30,,011-883-0121,3
269,医療法人社団エス・エス・ジェイ 札幌整形循環器病院,北海道札幌市清田区北野1条2丁目11-30,,011-881-1100,8
270,医療法人 ほし内科消化器科クリニック,北海道札幌市清田区北野3条2丁目13-57,,011-881-5551,3:8:10:11
271,医療法人社団 小野内科医院,北海道札幌市清田区北野5条5丁目15-27,,011-883-8080,1:2:3:4:5:6:7:8:9:10:11:12
272,みき内科消化器きたのクリニック,北海道札幌市清田区北野7条5丁目12-20,,011-887-1771,11
273,さかもと内科消化器クリニック,北海道札幌市清田区清田1条4丁目4-30,,011-888-8181,8
274,医療法人社団 清田ウィメンズクリニック,北海道札幌市清田区清田1条4丁目5-30,,011-886-4103,8
275,医療法人社団 清田小児科医院,北海道札幌市清田区清田1条4丁目5-30, 清田総合医療センタービル1階,011-881-5018,1:2:3:4:5:6:7:8:9:10:11:12
276,医療法人社団 サン内科外科医院,北海道札幌市清田区清田2条1丁目8-1,,011-881-3322,1:2:3:4:5:6:7:8:9:11
277,医療法人社団 鈴木内科医院,北海道札幌市清田区清田4条2丁目10-25,,011-882-2233,3:4:5:10:11
278,医療法人徳洲会  札幌南徳洲会病院,北海道札幌市清田区里塚1条2丁目20-1,,011-883-0602,11
279,社会医療法人 札幌清田病院,北海道札幌市清田区真栄1条1丁目1-1,,011-883-6111,8:11
280,医療法人北武会 美しが丘病院,北海道札幌市清田区真栄61番地1,,011-883-8881,6:7:8:11
281,医療法人社団恒仁会 ひらおか公園小児科,北海道札幌市清田区平岡2条5丁目2, イオンタウン平岡,011-888-6000,1:2:3:4:5:6:7:8:9:10:11:12
282,医療法人社団一揚会  あだち内科クリニック,北海道札幌市清田区平岡6条2丁目2-10,,011-886-3338,8:11
283,医療法人社団 みずきこどもクリニック,北海道札幌市清田区平岡6条2丁目2-10,,011-886-9777,1:2:3:4:5:6:7:8:9:10:11:12
284,医療法人社団 ひらおか内科胃腸科,北海道札幌市清田区平岡6条3丁目10-1,,011-885-2110,1:2:3:4:5:6:7:8:9:10:11
285,医療法人社団 平岡公園整形外科・消化器科クリニック,北海道札幌市清田区平岡公園東1丁目12-12,,011-888-8808,8
286,医療法人社団 すえおかこどもクリニック,北海道札幌市清田区平岡公園東5丁目12-10, メディカルビル平岡公園東1階,011-888-1515,1:2:3:4:5:6:7:8:9:10:11:12
287,ふじた内科循環器クリニック,北海道札幌市清田区平岡公園東5丁目12-10, メディカルビル平岡公園東2階,011-888-7272,8:9:11
288,医療法人社団延寿会  阿部内科クリニック,北海道札幌市南区石山1条7丁目7-7,,011-592-0077,9:11
289,医療法人社団信洋会 石山メンタルクリニック,北海道札幌市南区石山2条8丁目2-12,,011-591-7167,3
290,医療法人社団 竹嶋内科クリニック,北海道札幌市南区石山東1丁目4-26,,011-591-1112,3
291,医療法人社団 芸術の森泌尿器科,北海道札幌市南区石山東3丁目1-31,,011-591-8686,12
292,医療法人社団 もいわ内科医院,北海道札幌市南区川沿1条3丁目3-25,,011-571-5561,1:2:3:4:5:6:7:8:9:10:11:12
293,医療法人為久会  札幌共立五輪橋病院,北海道札幌市南区川沿2条1丁目2-54,,011-571-8221,9:11
294,医療法人社団もなみ もなみクリニック,北海道札幌市南区川沿5条3丁目2-1,,011-578-5775,8
295,医療法人社団 川沿中央医院,北海道札幌市南区川沿5条3丁目2-3,,011-571-7821,6:7:8:9:11:12
296,ほりえ内科クリニック,北海道札幌市南区川沿8条2丁目1-8, 吉田ビル1階,011-571-6532,3:8:9:10:11:12
297,おおさわ小児科医院,北海道札幌市南区川沿8条2丁目1-8, 吉田ビル3階,011-571-5001,1:2:3:4:5:6:7:8:9:10:11:12
298,なかの内科・消化器内科クリニック,北海道札幌市南区川沿14条2丁目1-3,,011-571-0725,8
299,あまみや小児科医院,北海道札幌市南区澄川3条2丁目4-15, 澄川メディカル1F,011-831-5300,1:2:3:4:5:6:7:8:9:10:12
300,酒井内科消化器科クリニック,北海道札幌市南区澄川3条3丁目4-12,,011-831-0820,3:4:5:8
301,医療法人一光会 幸内科クリニック,北海道札幌市南区澄川4条6丁目7-35,,011-837-7320,1:2:3:4:5:6:7:8:9:10:11:12
302,医療法人社団千寿会 千秋内科医院,北海道札幌市南区澄川6条4丁目11-7,,011-812-8111,1:2:3:4:5:6:7:8:9:10:11:12
303,たむら内科クリニック,北海道札幌市南区澄川6条7丁目3-5,,011-583-1161,1:2:3:4:5:9
304,医療法人社団 はまだ内科・神経内科クリニック,北海道札幌市南区中ノ沢1丁目1-4,,011-578-1535,3:4:5:6:7:8:9:10:11
305,ふじのさわ内科クリニック,北海道札幌市南区藤野2条2丁目1-15,,011-591-8416,8
306,十五島内科医院,北海道札幌市南区藤野2条6丁目1-5,,011-591-8828,8
307,社会医療法人康和会 札幌しらかば台南病院,北海道札幌市南区藤野2条11丁目7-1,,011-596-2621,8:11
308,医療法人大地 小笠原クリニック藤野診療所,北海道札幌市南区藤野3条6丁目2-1コープさっぽろ藤野店2階,,011-592-5335,11
309,医療法人社団 板倉小児クリニック,北海道札幌市南区藤野3条7丁目1-1,,011-591-0611,1:2:3:4:5:6:7:8:9:10:11:12
310,医療法人社団FOUR SEASONS 真駒内たかの内科,北海道札幌市南区真駒内泉町3丁目11-9,,011-588-8777,8
311,医療法人社団 真駒内キッズクリニック,北海道札幌市南区真駒内上町1丁目1-25, グリーンプラザ真駒内公園ビル1階,011-582-8884,1:2:3:4:5:6:7:8:9:10:11:12
312,医療法人社団 阿部小児科医院,北海道札幌市南区真駒内緑町1丁目3-10,,011-582-0512,1:2:3:4:5:6:7:8:9:10:11:12
313,露口内科・消化器内科クリニック,北海道札幌市南区真駒内南町1丁目7-12,,011-582-0811,3:5:6:7:8:11:12
314,中根敏得リハビリテーション内科小児科医院,北海道札幌市南区南32条西10丁目2-1,,011-582-3131,3:4:5:9
315,医療法人礼風会 五輪橋マタニティクリニック,北海道札幌市南区南39条西11丁目1-30,,011-585-3110,1:2:3:4:5:6:7:8:9:10:11:12
316,中村小児科医院,北海道札幌市西区琴似1条2丁目5-6, 琴似一番館,011-642-1650,1:2:3:4:5:6:7:8:9:10:11:12
317,医療法人社団 森谷内科クリニック,北海道札幌市西区琴似1条4丁目2-20,,011-643-6533,8:11
318,まきぐち内科・循環器科クリニック,北海道札幌市西区琴似1条4丁目4-20, 笹川ビル3階,011-618-1333,8
319,医療法人社団慈昂会 琴似駅前内科クリニック,北海道札幌市西区琴似2条1丁目1-20, 琴似タワープラザ2階,011-622-3531,8:11
320,医療法人社団 ともこレディースクリニック,北海道札幌市西区琴似2条1丁目1-20, 琴似タワープラザ2階,011-641-8181,8
321,医療法人社団 琴似産科婦人科クリニック,北海道札幌市西区琴似2条3丁目2-30,,011-612-5611,8
322,医療法人社団 琴似小児科クリニック,北海道札幌市西区琴似2条3丁目2-30,,011-641-7551,1:2:3:4:5:6:7:8:9:10:11:12
323,ことに内科クリニック,北海道札幌市西区琴似2条4丁目2-1,,011-633-1717,8
324,医療法人社団 坂本医院,北海道札幌市西区琴似2条4丁目3-10,,011-621-0808,8
325,おおた内科クリニック,北海道札幌市西区琴似2条5丁目1-3, 北幸ビル2階,011-643-5311,11
326,医療法人社団友善会 琴似ファミリークリニック,北海道札幌市西区琴似4条2丁目1番2号,  コルテナⅡ  1階,011-612-0333,10:11
327,医療法人社団 北浜胃腸科・内科,北海道札幌市西区西野2条4丁目3-15,,011-663-3311,3:11
328,医療法人社団杏仁会 近内科クリニック,北海道札幌市西区西野3条2丁目1-38,,011-664-3611,1:2:3:4:5:6:7:9:10:11:12
329,医療法人社団 細田こどもクリニック,北海道札幌市西区西野3条6丁目2-7,,011-667-8830,1:2:3:4:5:6:7:8:9:10:11:12
330,医療法人社団 石塚内科消化器科,北海道札幌市西区西野3条7丁目3-1,,011-661-0403,1:2:3:4:5:6:7:8:9:10:11
331,医療法人社団 後藤田医院,北海道札幌市西区西野3条9丁目10-37,,011-663-8170,1:2:3:4:5:6:7:8:9:10:11:12
332,医療法人にしの内科クリニック,北海道札幌市西区西野5条2丁目8-37,,011-788-6726,3:11
333,医療法人社団 西野六条クリニック,北海道札幌市西区西野6条7丁目1-1,,011-663-3651,3:8:10:11
334,医療法人社団法真会 ひしかわ内科クリニック,北海道札幌市西区西野8条8丁目1-1,,011-667-3336,1:2:3:4:5:6:7:8:9:10:11
335,医療法人社団啓愛会 西さっぽろ小児科,北海道札幌市西区西町北7丁目2-11, 西さっぽろメディカル2階,011-661-4211,1:2:3:4:5:6:7:8:9:10:11:12
336,医療法人社団糖仁会 あべ内科クリニック,北海道札幌市西区西町北7丁目2-11, 西さっぽろメディカル3階,011-666-7301,8
337,医療法人社団 札幌西レディースクリニック,北海道札幌市西区西町北11丁目1-5,,011-661-3535,8
338,勤医協西区ひだまりクリニック,北海道札幌市西区西町北19丁目1-3,,011-671-5115,11
339,医療法人社団 宮の沢レディースクリニック,北海道札幌市西区西町北20丁目2-12, SR宮の沢メディカルⅡビル2階,011-666-0050,8
340,医療法人社団 松永内科クリニック,北海道札幌市西区西町北20丁目3-10, SR宮の沢メディカルビル3階,011-669-3666,8:11
341,医療法人 宮の沢小池こどもクリニック,北海道札幌市西区西町北20丁目3-10, SR宮の沢メディカルビル3階,011-669-5551,1:2:3:4:5:6:7:8:9:10:11:12
342,医療法人社団 小児科西町クリニック,北海道札幌市西区西町南5丁目13,,011-663-3223,1:2:3:4:5:6:7:8:9:10:11:12
343,藤屋医院,北海道札幌市西区二十四軒3条5丁目4-28,,011-621-7260,8
344,琴似ハート内科・透析クリニック,北海道札幌市西区二十四軒4条2丁目9-10,,011-688-8810,9
345,社会医療法人孝仁会 札幌第一病院,北海道札幌市西区二十四軒4条3丁目4-26,,011-611-6201,11
346,医療法人新産健会 ことに・メディカル・サポート・クリニック,北海道札幌市西区八軒1条西1丁目2-10, ザ・タワープレイス1階,011-631-3101,3:8:11
347,医療法人親和 すずらん小児科,北海道札幌市西区八軒1条西1丁目2-10, ザ・タワープレイス1階,011-633-8088,1:2:3:4:5:6:7:8:9:10:11:12
348,洞田内科クリニック,北海道札幌市西区八軒1条西1丁目2-10, ザ・タワープレイス2階,011-632-0255,8
349,医療法人社団明Th会 イムス札幌消化器中央総合病院,北海道札幌市西区八軒2条西1丁目1-1,,011-611-1391,12
350,医療法人社団 カワカミウイメンズクリニック,北海道札幌市西区八軒5条東1丁目6-19,,011-641-6507,8
351,つちだ消化器循環器内科,北海道札幌市西区八軒7条西3丁目1-1,,011-640-5532,1:2:3:4:5:6:7:8:9:10:11:12
352,ゆきのかなでクリニック,北海道札幌市西区八軒10条西12丁目4-8,,011-213-9351,12
353,医療法人札幌がんフォレスト 癒しの森内科・消化器内科クリニック,北海道札幌市西区発寒2条5丁目6-5,,011-668-1184,8
354,医療法人社団 いとう内科・胃腸科,北海道札幌市西区発寒4条4丁目1-18,,011-661-1000,8
355,医療法人聖愛会 発寒中央病院,北海道札幌市西区発寒5条6丁目10-1,,011-661-2111,1:2:3:4:5:6:7:8:9:10:11:12
356,医療法人社団 はねだ内科クリニック,北海道札幌市西区発寒6条3丁目2-10,,011-666-2227,6:7:8:10:11
357,内科・消化器内科 Ｋクリニック,北海道札幌市西区発寒6条9丁目2-15, ニッセ宮の沢2階,011-667-7007,11
358,医療法人社団 いなべ医院,北海道札幌市西区発寒6条11丁目7-18,,011-662-1389,1:2:3:4:5:6:7:9
359,医療法人社団宮の沢総合クリニック,北海道札幌市西区発寒6条13丁目1-22,,011-671-7710,8
360,かなや内科クリニック,北海道札幌市西区発寒7条12丁目3-46, 発寒クリニックビル1F,011-669-6000,11
361,医療法人社団 ふるた小児科クリニック,北海道札幌市西区発寒11条1丁目10-75,,011-671-1188,1:2:3:4:5:6:7:8:9:10:11:12
362,医療法人社団 鉄工団地診療所,北海道札幌市西区発寒12条5丁目3-20,,011-661-1261,1:2:3:4:5:6:7:8:9:10:11:12
363,医療法人社団 太田内科歯科,北海道札幌市西区発寒13条3丁目7-45,,011-664-6780,8
364,医療法人社団 百石内科循環器クリニック,北海道札幌市西区福井2丁目3-16,,011-663-3885,1:2:3:4:5:6:7:8:9:10:11:12
365,医療法人社団 首藤内科,北海道札幌市西区平和1条4丁目1-7,,011-664-3737,6:7:8:12
366,クリニックもりや,北海道札幌市西区宮の沢1条1丁目1-3,,011-669-8003,3:4:5:6:7:8:9:12
367,社会医療法人孝仁会札幌西孝仁会クリニック,北海道札幌市西区宮の沢1条1丁目1-30,,011-590-0322,8
368,医療法人社団 にこにこ小児科クリニック,北海道札幌市西区宮の沢1条4丁目7-20, 輪島ビル2階,011-667-3311,1:2:4:5:6:7:8:9:10:11:12
369,医療法人社団 ひろ内科循環器科クリニック,北海道札幌市西区宮の沢3条5丁目24-10,,011-671-2727,3:5:8
370,ため小児科医院,北海道札幌市西区山の手2条1丁目6-14,,011-611-3718,1:2:3:4:5:6:7:8:9:10:11:12
371,みずしま内科クリニック,北海道札幌市西区山の手2条6丁目3-8,,011-632-6600,1:2:3:4:5:6:7:8:9:10:12
372,クリニークアンジェ牧山内科,北海道札幌市西区山の手3条12丁目1-34,,011-632-0123,3:5:6:7:8:9:10:11
373,独立行政法人国立病院機構 北海道医療センター,北海道札幌市西区山の手5条7丁目1-1,,011-611-8111,1:2:3:4:5:6:7:8:9:10:11:12
374,医療法人 札幌山の上病院,北海道札幌市西区山の手6条9丁目1-1,,011-621-1200,11
375,医療法人社団栄仁会 栄通わたなべ内科皮ふ科,北海道札幌市白石区栄通8丁目2-1,,011-858-3311,8
376,医療法人社団 小路内科消化器クリニック,北海道札幌市白石区栄通15丁目9-35,,011-853-1331,1:2:3:4:5:6:7:8:9:10:11:12
377,協全内科クリニック,北海道札幌市白石区栄通17丁目13-13,,011-852-3181,1:2:3:4:5:6:7:9:10:11:12
378,医療法人社団 やまうち内科クリニック,北海道札幌市白石区栄通19丁目1-1,,011-851-5600,1:2:3:4:5:6:7:8:12
379,医療法人孝友会 ごう内科クリニック,北海道札幌市白石区栄通21丁目1-16,,011-850-5050,3:4:5:8:9
380,なかの耳鼻咽喉科医院,北海道札幌市白石区栄通21丁目1-16, 丁目22-35,011-854-4133,9
381,医療法人社団 大屋医院,北海道札幌市白石区川下2条7丁目2-5,,011-873-1123,1:2:3:4:5:6:7:8:9:10:11:12
382,医療法人菊郷会 石橋胃腸病院,北海道札幌市白石区川下3条4丁目2-1,,011-872-5811,8
383,川下ばく内科,北海道札幌市白石区川下4条5丁目4-14,,011-374-4389,1:2:3:4:5:6:7:8:9:10:11:12
384,社会福祉法人北翔会 札幌あゆみの園,北海道札幌市白石区川北2254番地1,,011-879-5555,1:2:3:4:5:6:7:8:9:10:11:12
385,医療法人社団 川北内科循環器科医院,北海道札幌市白石区川北2条3丁目2-25,,011-872-4533,1:2:3:4:5:6:7:8:9:10:11:12
386,医療法人社団 木村医院,北海道札幌市白石区菊水1条1丁目3-33,,011-811-4403,6:7:8
387,菊水内科循環器クリニック,北海道札幌市白石区菊水3条2丁目4-1ニューギン札幌ビル２F,,011-827-6688,11
388,勤医協札幌病院,北海道札幌市白石区菊水4条1丁目9-22,,011-811-2246,1:2:3:4:5:6:7:8:9:10:11:12
389,独立行政法人国立病院機構 北海道がんセンター,北海道札幌市白石区菊水4条2丁目3-54,,011-811-9111,8
390,みなみハート内科クリニック,北海道札幌市白石区菊水6条2丁目1-34, シュタットハウス札幌1階,011-818-3737,1:2:3:4:5:6:7:8:9:10:11:12
391,中島内科胃腸科クリニック,北海道札幌市白石区菊水上町1条3丁目36,,011-811-2726,1:2:3:4:5:6:7:8:9:11
392,医療法人社団  みんなのこどもクリニック,北海道札幌市白石区菊水元町5条2丁目2-4, Ucラポール1F,011-876-1717,1:2:3:4:5:6:7:8:9:10:11:12
393,医療法人社団薫風会 青空たけうち内科クリニック,北海道札幌市白石区菊水元町5条2丁目2-40,,011-872-3558,1:2:3:4:5:6:7:8:9:10:11:12
394,医療法人菊郷会 札幌センチュリー病院,北海道札幌市白石区菊水元町5条3丁目5-10,,011-871-1121,8
395,医療法人社団 野村内科医院,北海道札幌市白石区北郷2条1丁目2-4,,011-873-3476,3:8
396,医療法人社団 まつもと小児科,北海道札幌市白石区北郷2条4丁目3-5, 北郷メディカルビル2階,011-871-2277,1:2:3:4:5:6:7:8:9:10:11:12
397,北郷医院,北海道札幌市白石区北郷3条5丁目13-1,,011-873-1960,3:4:5:8:9:10:11
398,医療法人社団日吉会 そねざき内科小児科医院,北海道札幌市白石区北郷3条7丁目1-15,,011-873-2227,1:2:3:4:5:6:7:8:9:10:11:12
399,医療法人社団誠医会 よつばクリニック,北海道札幌市白石区東札幌1条2丁目1-3,,011-825-1055,8
400,医療法人社団毬会 内科丹田クリニック,北海道札幌市白石区東札幌4条1丁目1-1, イーアス札幌Bタウン2階,011-817-1188,8:11
401,医療法人社団 きよみず公園クリニック,北海道札幌市白石区東札幌4条3丁目6-1,,011-813-6311,1:3:4:5:6:7:9:10:11:12
402,医療法人社団 響 さくら内科クリニック,北海道札幌市白石区東札幌4条4丁目1-18,  2階,011-817-2171,1:2:3:4:5:6:7:8:12
403,川端医院,北海道札幌市白石区東札幌5条4丁目3-2,,011-831-2702,1:2:3:4:5:6:7:8:9:10:11:12
404,医療法人社団明日佳 白石明日佳病院,北海道札幌市白石区東札幌5条5丁目2-5,,011-823-5151,10:11
405,医療法人社団明珠会 札幌白石産科婦人科病院,北海道札幌市白石区東札幌5条6丁目6-28,,011-862-7211,8
406,社会医療法人北楡会 札幌北楡病院,北海道札幌市白石区東札幌6条6丁目5-1,,011-865-0111,1:2:3:4:5:6:7:8:9:10:11:12
407,医療法人社団智愛会 なかた小児科,北海道札幌市白石区南郷通1丁目北1-1, 白石メディカル2階,011-864-8668,1:2:3:4:5:6:7:8:9:10:11:12
408,医療法人社団 白石こどもクリニック,北海道札幌市白石区南郷通2丁目北2-1, ル・ノール南郷街,011-865-7302,1:2:3:4:5:6:7:8:9:10:12
409,北海道医療Th協 緑愛クリニック,北海道札幌市白石区南郷通6丁目北3-24,,011-868-8866,3:5:8
410,秀愛会内科消化器科クリニック,北海道札幌市白石区南郷通8丁目南5-1, 第2タヂカビル1階,011-860-7676,3:4:5:8
411,医療法人社団 山中たつる小児科,北海道札幌市白石区南郷通11丁目南3-9,,011-866-5555,1:2:3:4:5:6:7:8:9:10:11:12
412,医療法人社団清香会 おおしま内科・胃腸科クリニック,北海道札幌市白石区南郷通18丁目北3-28,,011-866-5511,1:2:3:4:5:6:7:8:9:10:11:12
413,ＥＶＥウィミンズクリニック,北海道札幌市白石区南郷通21丁目南5-41,,011-866-0808,1:2:3:4:5:6:7:8:9:10:11:12
414,医療法人 白石中央病院,北海道札幌市白石区平和通3丁目北2-3,,011-861-8171,3:4:5:6:7:8:9
415,勤医協平和通りクリニック,北海道札幌市白石区平和通7丁目南5-1,,011-864-0912,12
416,医療法人社団 ひらい内科小児科,北海道札幌市白石区平和通9丁目南3-1,,011-861-5122,1:2:3:4:5:6:7:8:9:10:11:12
417,医療法人社団佐分利内科医院,北海道札幌市白石区本郷通10丁目南1-23,,011-864-1751,8
418,医療法人社団 みどり内科クリニック,北海道札幌市白石区本郷通13丁目南4-27, ムトウビル2階,011-866-4563,10:11
419,医療法人社団 渡辺一彦小児科医院,北海道札幌市白石区本通（南）1丁目南1-13,,011-865-8688,1:3:4:5:6:7:8:9:10:11:12
420,医療法人社団慈昂会 白石内科クリニック,北海道札幌市白石区中央1条7丁目10-30白石中央メディカルビル１Ｆ,,011-868-2711,8:10:11
421,医療法人信佑会 吉田記念病院,北海道札幌市白石区本通2丁目南5-10,,011-864-2125,3:8:11
422,医療法人社団 広川内科クリニック,北海道札幌市白石区本通3丁目南2-38,,011-861-2026,3:4:5:6:8:11
423,松田内科循環器クリニック,北海道札幌市白石区本通8丁目南1-30,,011-867-8000,6:7:8:11:12
424,内科胃腸科クリニック長尾医院,北海道札幌市白石区本通（南）11丁目南1-9,,011-861-4696,3:4:5:8:10:11
425,医療法人社団 小川医院,北海道札幌市白石区本通16丁目北11-14,,011-864-7995,1:2:3:4:5:6:7:8:9:10:11:12
426,医療法人社団恵幼会 わたなべ小児科・アレルギー科クリニック,北海道札幌市手稲区曙1条1丁目1-25,,011-699-1000,1:2:3:4:5:6:7:8:9:10:11:12
427,社会医療法人延山会 西成病院,北海道札幌市手稲区曙2条2丁目2-27,,011-681-9321,8
428,医療法人社団喜倜会 おちあい内科・消化器内科医院,北海道札幌市手稲区曙4条3丁目17-21,,011-685-5858,5:8:11
429,さかいの小児科,北海道札幌市手稲区曙6条2丁目2-16,,011-691-9131,1:2:3:4:5:6:7:8:9:10:11:12
430,医療法人社団 手稲あけぼのレディースクリニック,北海道札幌市手稲区曙6条2丁目2-10,,011-695-4103,8
431,医療法人明日風こどもクリニック,北海道札幌市手稲区明日風5丁目9-1,,011-685-0122,1:2:3:4:5:6:7:8:9:10:11:12
432,医療法人社団 上原内科クリニック,北海道札幌市手稲区稲穂1条7丁目2-21,,011-681-7070,3:8
433,医療法人社団弘誓会 菊地内科・呼吸器科,北海道札幌市手稲区稲穂2条7丁目1-5, 稲穂メディカルコア,011-694-1881,11
434,北海道立子ども総合医療・療育センター,北海道札幌市手稲区金山1条1丁目240番6,,011-691-5696,1:2:3:4:5:6:7:8:9:10:11:12
435,医療法人社団隆恵会わだ内科外科クリニック,北海道札幌市手稲区金山1条2丁目1-16,,011-699-1500,11
436,医療法人 かわばた内科クリニック,北海道札幌市手稲区新発寒4条5丁目13-13,,011-688-2525,1:2:3:4:5:6:7:8:10:11
437,医療法人社団友善会 新発寒ファミリークリニック,北海道札幌市手稲区新発寒5条5丁目6-1,,011-691-2100,3:5:11
438,医療法人社団 むらさき内科・循環器クリニック,北海道札幌市手稲区手稲本町1条3丁目3-1, メディカルスクエア手稲２階,011-682-3222,3:8:10:11
439,すぎはら小児科・アレルギー科,北海道札幌市手稲区手稲本町1条3丁目3-1, メディカルスクエア手稲3階,011-681-2369,1:2:3:4:5:6:7:8:9:10:11:12
440,医療法人 はだ産婦人科クリニック,北海道札幌市手稲区手稲本町2条5丁目3-12,,011-685-1103,1:2:3:4:5:6:7:8:9:10:11:12
441,医療法人社団稲信会 まえだ森林クリニック,北海道札幌市手稲区手稲前田496番地11,,011-685-6060,8:11
442,医療法人北武会 北都病院,北海道札幌市手稲区手稲山口550番２,,011-683-6667,11
443,医療法人社団  香友会富丘まごころ内科クリニック,北海道札幌市手稲区富丘1条4丁目1-1,,011-699-8881,3:8:11
444,医療法人社団 澤井内科循環器クリニック,北海道札幌市手稲区富丘1条4丁目5-33, マックスメディカルビル2階,011-695-0112,8
445,医療法人社団 わたなべクリニック,北海道札幌市手稲区富丘2条7丁目2-6,,011-681-1200,8:9:11
446,さくらレディースクリニック,北海道札幌市手稲区富丘2条7丁目6-15,,011-695-8118,8:10:11
447,おのでら内科クリニック,北海道札幌市手稲区西宮の沢2条4丁目1-1,,011-695-5508,1:2:3:4:5:6:7:8:9:10:11:12
448,ささき内科クリニック,北海道札幌市手稲区西宮の沢3条1丁目12-25,,011-667-2000,3:8:10:11
449,医療法人育愛会 愛産婦人科,北海道札幌市手稲区西宮の沢4条2丁目1-1,,011-669-5503,8
450,医療法人社団 星置駅前内科医院,北海道札幌市手稲区星置1条4丁目2-12, 星置駅前メディカル,011-694-1451,8
451,医療法人社団 たかだ小児クリニック,北海道札幌市手稲区星置1条4丁目2-12, 星置駅前メディカル,011-694-8122,1:2:3:4:5:6:7:8:9:10:11:12
452,医療法人啓眞会くにちか内科クリニック,北海道札幌市手稲区星置1条4丁目7-2,,011-688-1133,3:8:11
453,医療法人社団真愛会 札幌ファミリークリニック,北海道札幌市手稲区星置2条4丁目2-22,,011-695-5211,1:2:3:4:5:6:7:8:9:10:11:12
454,医療法人社団 美田内科循環器科クリニック,北海道札幌市手稲区星置2条4丁目7-43,,011-685-3300,8
455,医療法人渓仁会 手稲渓仁会病院,北海道札幌市手稲区前田1条12丁目1-40,,011-681-8111,1:2:3:4:5:6:7:8:9:10:11:12
456,医療法人渓仁会 手稲渓仁会クリニック,北海道札幌市手稲区前田1条12丁目2-15,,011-685-3888,1:2:3:4:5:6:7:8:9:10:11:12
457,Th涯医療クリニックさっぽろ,北海道札幌市手稲区前田1条12丁目357番地22,,011-685-2799,1:2:3:4:5:6:7:8:9:10:11
458,医療法人渓仁会 手稲家庭医療クリニック,北海道札幌市手稲区前田2条10丁目1-10,,011-685-3920,1:2:3:4:5:6:7:8:9:10:11
459,医療法人社団 たけうち小児科,北海道札幌市手稲区前田4条11丁目8-6,,011-694-5555,1:2:3:4:5:6:7:9:10:11:12
460,よまいだ内科医院,北海道札幌市手稲区前田6条9丁目2-8,,011-684-0651,11
461,旭町医院,北海道札幌市豊平区旭町3丁目2-36,,011-811-0345,3
462,勤医協月寒ファミリークリニック,北海道札幌市豊平区月寒中央通4丁目1-15,,011-851-0229,1:2:3:4:5:6:7:8:9:10:11:12
463,月寒こどもクリニック,北海道札幌市豊平区月寒中央通7丁目6-20, JA月寒中央ビル5階,011-856-9181,1:2:3:4:5:6:7:8:9:10:11:12
464,医療法人社団豊水会たねいちリウマチクリニック,北海道札幌市豊平区月寒中央通8丁目4-7,,011-853-7307,8
465,医療法人社団札幌朗愛会  札幌朗愛会病院,北海道札幌市豊平区月寒西1条10丁目3-30,,011-853-2111,6:7:8
466,医療法人社団 川村小児科医院,北海道札幌市豊平区月寒西2条10丁目2-75,,011-853-2888,1:2:3:4:5:6:7:8:9:10:11:12
467,はせがわ内科クリニック,北海道札幌市豊平区月寒西4条10丁目7-17,,011-851-0610,2:3:9:10:11:12
468,月寒のぶおか内科消化器内科,北海道札幌市豊平区月寒東1条4丁目3-8,,011-859-7701,8:10:11
469,医療法人社団グロリア会 月寒グロリアクリニック,北海道札幌市豊平区月寒東3条16丁目3-8,,011-854-4103,8
470,医療法人社団のえる小児科,北海道札幌市豊平区月寒東3条17丁目1-20,,011-858-0505,1:2:3:4:5:6:7:8:9:10:11:12
471,医療法人社団 北野通内科循環器クリニック,北海道札幌市豊平区月寒東3条18丁目22-20,,011-853-8800,8:11
472,なんば内科循環器クリニック,北海道札幌市豊平区月寒東4条7丁目8-28,,011-859-8800,8
473,神田産科婦人科クリニック,北海道札幌市豊平区豊平3条1丁目1-33,,011-841-1103,8
474,医療法人社団 とよひら公園内科クリニック,北海道札幌市豊平区豊平4条11丁目3-5,,011-811-1518,3:5:6:7:8:9:10:11
475,医療法人社団 豊平おおたこどもクリニック,北海道札幌市豊平区豊平4条3丁目3-10, 豊平メディカルプラザ1階,011-815-2525,1:2:3:4:5:6:7:8:9:10:11:12
476,たけだ内科胃腸科クリニック,北海道札幌市豊平区豊平4条3丁目3-10, 豊平メディカルプラザ1階,011-823-1100,3:5:8
477,三浦内科循環器クリニック,北海道札幌市豊平区豊平6条2丁目2-12,,011-821-5726,11
478,医療法人北志会 札幌ライラック病院,北海道札幌市豊平区豊平6条8丁目2-18,,011-812-8822,8
479,医療法人おひげせんせいのこどもクリニック,北海道札幌市豊平区豊平7条10丁目3-18,,011-820-1061,1:2:3:4:5:6:7:8:9:10:11:12
480,医療法人社団醫王会 緑の街診療所,北海道札幌市豊平区豊平7条13丁目1-1,,011-825-9912,10:11
481,中の島せつこ内科クリニック,北海道札幌市豊平区中の島1条2丁目3-15,,011-820-3900,8
482,独立行政法人  地域医療機能推進機構  北海道病院,北海道札幌市豊平区中の島1条8丁目3-18,,011-831-5151,1:2:3:4:5:6:7:8:9:10:11:12
483,医療法人社団恵山会 中の島内科・消化器内科クリニック,北海道札幌市豊平区中の島2条2丁目1-1, 中の島ステーションビル2階,011-821-3113,8
484,中の島診療所,北海道札幌市豊平区中の島2条2丁目2-1,,011-831-2387,1:2:3:4:5:6:7:8:9:10:11:12
485,医療法人社団 中里内科胃腸科クリニック,北海道札幌市豊平区中の島2条5丁目9-1, 石丸メディカルビル2階,011-815-8833,8
486,松本内科クリニック,北海道札幌市豊平区西岡4条1丁目5-1,,011-852-1353,8
487,医療法人社団 西岡こどもクリニック,北海道札幌市豊平区西岡4条4丁目1-1, 西岡メディカルビル2階,011-855-0770,1:2:3:4:5:6:7:8:9:10:11:12
488,社会医療法人恵和会 西岡病院,北海道札幌市豊平区西岡4条4丁目1-52,,011-853-8322,8:11
489,医療法人社団ごとう内科クリニック,北海道札幌市豊平区西岡4条7丁目7-1,,011-858-7771,3:8
490,社会医療法人恵和会 西岡水源池通りクリニック,北海道札幌市豊平区西岡4条13丁目17-1,,011-584-5512,8:11
491,ＫＫＲ札幌医療センター,北海道札幌市豊平区平岸1条6丁目3-40,,011-822-1811,1:2:3:4:5:6:7:8:9:10:12
492,医療法人 たんぽぽ小児科,北海道札幌市豊平区平岸1条15丁目3-12,,011-876-0383,1:2:3:4:5:6:7:8:9:10:11:12
493,医療法人社団恒仁会  南さっぽろ小児科,北海道札幌市豊平区平岸1条22丁目2-15,,011-820-8222,1:2:3:4:5:6:7:8:9:10:11:12
494,小笠原医院,北海道札幌市豊平区平岸2条5丁目1-12, ヤナギダビル1階,011-812-1788,1:2:3:4:5:6:7:8:9:10:11:12
495,やなづめ小児科・アレルギー科クリニック,北海道札幌市豊平区平岸2条7丁目3-1, アルファビルⅣ2階,011-595-8341,1:2:3:4:5:6:7:8:9:10:11:12
496,医療法人社団 やなづめ内科・循環器クリニック,北海道札幌市豊平区平岸2条8丁目4-17,,011-822-1271,1:2:3:4:5:6:7:8:9:11
497,北郷内科医院,北海道札幌市豊平区平岸2条10丁目22-2,,011-812-2864,3:4:5:8:10:11
498,まつぞの小児科医院,北海道札幌市豊平区平岸2条12丁目3-12,,011-822-5000,1:2:3:4:5:6:7:8:9:10:11:12
499,髙木内科医院,北海道札幌市豊平区平岸2条14丁目1-22, 今崎メディカルビル4階,011-812-1200,8:12
500,医療法人社団 平岸本町内科クリニック,北海道札幌市豊平区平岸3条6丁目1-36,,011-822-6672,3:4:5:8
501,医療法人社団敬愛会 わかばやし内科クリニック,北海道札幌市豊平区平岸3条6丁目6-24,,011-841-3288,8
502,医療法人社団いちご会 美加レディースクリニック,北海道札幌市豊平区平岸3条13丁目5-21, 南平岸ビル2階,011-833-7773,8
503,医療法人社団 いし胃腸科内科医院,北海道札幌市豊平区平岸3条14丁目1-5,,011-813-1220,8
504,医療法人社団根本耳鼻咽喉科クリニック,北海道札幌市豊平区平岸4条14丁目2−3,,011-815−3387,3:4:5:6:7:8:9
505,医療法人社団 古山小児科内科医院,北海道札幌市豊平区平岸5条6丁目4-5,,011-811-5417,1:2:3:4:5:6:7:8:9:10:11:12
506,医療法人社団 あいだクリニック循環器内科,北海道札幌市豊平区平岸5条7丁目8-22,,011-820-1400,8
507,医療法人社団 ふなはし内科消化器科クリニック,北海道札幌市豊平区平岸5条8丁目3-15,,011-831-1375,1:2:3:4:5:6:7:8:9
508,平岸脳神経クリニック,北海道札幌市豊平区平岸5条13丁目4-3,,011-818-0055,11
509,医療法人社団 七武会 内科・胃腸内科平岸台クリニック,北海道札幌市豊平区平岸7条14丁目1-38, 金岡メディカルビル1階,011-811-3434,8
510,医療法人社団慈昂会 福住内科クリニック,北海道札幌市豊平区福住2条1丁目2-5, イトーヨーカドー福住5階,011-836-3531,8:11
511,医療法人社団 小椋こどもクリニック,北海道札幌市豊平区福住2条1丁目2-5, 福住メディカル6階,011-852-0211,1:2:3:4:5:6:7:8:9:10:11:12
512,吉田内科医院,北海道札幌市豊平区福住2条6丁目6-2,,011-851-2571,6:7:8:9:10:11:12
513,医療法人社団愛和会 愛内科クリニック,北海道札幌市豊平区福住3条1丁目2-22,,011-836-3680,1:2:3:4:5:6:7:11
514,医療法人 福住産科婦人科クリニック,北海道札幌市豊平区福住3条1丁目2-24,,011-836-1188,8
515,医療法人社団 上村内科医院,北海道札幌市豊平区美園3条4丁目3-11,,011-821-3223,6:7:8:10:11:12
516,医療法人社団新芽会 美園産婦人科小児科,北海道札幌市豊平区美園4条3丁目2-19,,011-824-0303,1:2:3:4:5:6:7:8:9:10:11:12
517,内科・神経内科美園医院,北海道札幌市豊平区美園8条5丁目3-4,,011-820-4820,11
