id,name,addr1,addr2,addr3,phone1,phone2,1,2,3,4,5,6,7,8,9,10,11,12
001,中野医院,北海道札幌市,厚別区,青葉町6丁目1-5,011,891-1555,○,○,○,○,○,○,○,○,○,○,○,○
002,医療法人社団  青葉産婦人科クリニック,北海道札幌市,厚別区,青葉町6丁目1-9,011,893-3207,,,,,,,,○,,,,
003,勇気会医療法人  北央病院,北海道札幌市,厚別区,青葉町11丁目2-10,011,892-8531,,,,,,○,○,○,○,,,○
004,森林公園センタークリニック,北海道札幌市,厚別区,厚別北2条5丁目1-12  森林公園パークタウンセンタービル2階,011,893-0008,○,○,○,○,○,○,○,,○,○,○,○
005,医療法人社団桐佑会   札幌藤島クリニック,北海道札幌市,厚別区,厚別北4条4丁目1-8,011,801-7707,○,○,○,○,○,○,○,○,○,○,○,○
006,そらいろこどもクリニック,北海道札幌市,厚別区,厚別北5条5丁目1-7,011,375-8807,○,○,○,○,○,○,○,○,○,○,○,○
007,たけい内科胃腸科クリニック,北海道札幌市,厚別区,厚別中央1条3丁目5-1,011,891-2707,○,○,○,,,○,,,,,,
008,新札幌耳鼻咽喉科医院,北海道札幌市,厚別区,厚別中央1条6丁目2-15  新札幌センタービル2階,011,893-1133,,,,,,,,,,○,○,
009,新札幌内科クリニック,北海道札幌市,厚別区,厚別中央1条6丁目3-1 ホクノー新札幌ビル3階,011,895-7074,,,,,,,,○,,,,
010,医療法人社団育悠会  新札幌こども発達クリニック,北海道札幌市,厚別区,厚別中央1条6丁目3-1,011,893-1511,○,,○,○,○,○,○,○,,,,
011,医療法人社団  はしもとクリニック,北海道札幌市,厚別区,厚別中央2条1丁目4-15,011,891-2633,,,,,,,,○,,,,
012,医療法人社団  幸田内科消化器クリニック,北海道札幌市,厚別区,厚別中央2条5丁目4-1  新札幌七彩館ビル2階,011,896-3888,,,○,○,○,,,○,,,○,
013,医療法人社団恒仁会  新さっぽろ小児科,北海道札幌市,厚別区,厚別中央2条5丁目6-3 新さっぽろアークシティデュオⅡ   4F,011,895-8311,○,○,○,○,○,○,○,○,○,○,○,○
014,独立行政法人地域医療機能推進機構   JCHO札幌北辰病院,北海道札幌市,厚別区,厚別中央2条6丁目2-1,011,893-3000,○,○,○,○,○,○,○,○,○,○,○,○
015,医療法人潤和会  札幌ひばりが丘病院,北海道札幌市,厚別区,厚別中央3条2丁目12-1,011,894-7070,,,,,,,,○,,,,
016,中川内科循環器科,北海道札幌市,厚別区,厚別中央4条2丁目18-20,011,891-2943,,,○,,,,,○,,,○,
017,社会福祉法人楡の会  こどもクリニック,北海道札幌市,厚別区,厚別町下野幌49番地,011,898-3929,,,○,○,○,,,,○,,,
018,医療法人社団  育愛こども医院,北海道札幌市,厚別区,厚別西2条3丁目7-6,011,893-3323,○,○,○,○,○,○,○,○,○,○,○,○
019,医療法人社団奏健会  さっぽろ厚別通内科,北海道札幌市,厚別区,厚別西5条1丁目15-21,011,895-6671,,,○,○,○,,,○,,,○,
020,医療法人徹仁会   厚別耳鼻咽喉科,北海道札幌市,厚別区,厚別西5条1丁目16-22,011,894-7003,,,,,,○,○,○,,,,
021,もみじ台クリニック,北海道札幌市,厚別区,厚別東1条5丁目18-15,011,311-2006,○,○,○,○,○,○,○,○,○,○,○,
022,医療法人社団   小野幌医院,北海道札幌市,厚別区,厚別東4条４丁目5-15,011,897-8822,,,,,,,,,○,,,
023,医療法人ＡＭＣ  あおば内科クリニック,北海道札幌市,厚別区,厚別南7丁目2-11,011,891-1112,○,○,○,○,○,,,○,○,,,
024,医療法人徳洲会  札幌徳洲会病院,北海道札幌市,厚別区,大谷地東1丁目1-1,011,890-1110,○,○,○,○,○,○,○,○,○,○,○,○
025,医療法人社団  たむら小児科医院,北海道札幌市,厚別区,大谷地東4丁目1-2 大谷地ターミナルメディカルビル,011,893-2288,○,○,○,○,○,○,○,○,○,○,○,○
026,医療法人社団  たさき子ども相談診療室,北海道札幌市,厚別区,大谷地東4丁目2-20,011,802-2888,○,○,○,○,○,○,○,○,○,○,,○
027,医療法人社団  椿原こどもクリニック,北海道札幌市,厚別区,上野幌2条2丁目3-11,011,893-7550,○,○,○,○,○,○,○,○,○,○,○,○
028,医療法人社団アカシア会  いたや内科消化器科,北海道札幌市,厚別区,上野幌3条3丁目2-1,011,896-2828,,,,,,○,○,○,,,○,
029,ＳＡＭ   ＣＬＩＮＩＣ,北海道札幌市,厚別区,上野幌3条6丁目5-6,011,215-6120,○,○,○,○,○,○,○,○,○,○,○,○
030,医療法人社団  高橋内科医院,北海道札幌市,厚別区,もみじ台北5丁目1-2,011,897-2358,,,○,,,,,○,,,,
031,医療法人社団恒仁会  くまがい小児科,北海道札幌市,厚別区,もみじ台西6丁目1-7,011,897-1118,○,○,○,○,○,○,○,○,○,○,○,○
032,医療法人社団秀和会  いでうち内科医院,北海道札幌市,厚別区,もみじ台東4丁目2-7,011,897-0053,○,○,○,○,○,○,○,○,○,,,
033,医療法人社団  増田内科クリニック,北海道札幌市,厚別区,もみじ台南1丁目2-9,011,897-9191,,,○,○,○,,,,○,,,
034,せんば内科医院,北海道札幌市,厚別区,もみじ台南6丁目1-6,011,897-6123,,,○,○,○,○,,○,○,,,
035,医療法人トルチュ  氏家記念こどもクリニック,北海道札幌市,中央区,大通東3丁目1-1 トルチュビル  3階,011,281-2811,○,○,○,○,○,○,○,○,○,○,○,○
036,医療法人社団石史山会  札幌スポーツクリニック,北海道札幌市,中央区,大通東4丁目1番19号,011,281-8755,,,,,,,,○,,,,
037,医療法人社団  清野内科クリニック,北海道札幌市,中央区,大通西4丁目1  道銀ビル7階,011,221-2213,,,,,,,,○,○,,,
038,まどかレディースクリニック,北海道札幌市,中央区,大通西5丁目８   昭和ビル9階,011,231-0080,,,,,,,,○,,,,
039,中央メディカルクリニック,北海道札幌市,中央区,大通西5丁目11  大五ビル1階,011,222-0120,,,○,○,○,,,○,○,,○,○
040,大通こどもクリニック,北海道札幌市,中央区,大通西16丁目1-30   第10FUYOビル  8階,011,215-5103,○,,○,○,○,○,○,,○,○,○,○
041,塚本循環器ハートクリニック,北海道札幌市,中央区,大通西17丁目1-27札幌メディケアセンタービル3階,011,623-4810,,,,,,,,,,,○,
042,医療法人  むらしたこどもクリニック,北海道札幌市,中央区,大通西25丁目1-2  ハートランド円山メディカルビル2階,011,640-7300,○,○,○,○,○,○,○,○,○,○,○,○
043,医療法人社団ゆほな会はやしたくみ女性クリニック,北海道札幌市,中央区,大通西25丁目1-2  ハートランド円山メディカルビル3階,011,640-8845,,,○,,,,,○,,,,
044,医療法人渓仁会  渓仁会円山クリニック,北海道札幌市,中央区,大通西26丁目3-16,011,611-7766,,,,,,,,○,,,,
045,医療法人社団  円山公園内科,北海道札幌市,中央区,大通西28丁目3-22,011,633-0123,,,○,,,,,○,,,○,
046,セントベビークリニック,北海道札幌市,中央区,北1条西2丁目1,011,215-0880,,,,,,,,○,,,,
047,コロンビア内科,北海道札幌市,中央区,北1条西3丁目3  時計台スクエアビル4階,011,207-2227,○,○,○,,,○,○,○,,,○,○
048,医療法人社団  大通こしやま内科消化器クリニック,北海道札幌市,中央区,北1条西4丁目1-1  三甲大通公園ビル1階,011,596-7788,,,○,,○,,,○,,,,
049,エナ大通クリニック,北海道札幌市,中央区,北1条西4丁目1-1  三甲大通公園ビル2階,011,241-3000,,,,,,,,○,,,,
050,円山ため小児科,北海道札幌市,中央区,北1条西23丁目2-14  RK円山鳥居前ビル  3階,011,623-5755,○,○,○,○,○,○,○,○,○,○,○,○
051,円山内科消化器クリニック,北海道札幌市,中央区,北1条西24丁目4-1  東光ストア円山店5F,011,215-4137,,,,,,,,,,,○,
052,円山レディースクリニック,北海道札幌市,中央区,北1条西25丁目24-4,011,614-0800,,,,○,○,○,○,○,,○,○,
053,社会医療法人社団カレスサッポロ  時計台記念病院,北海道札幌市,中央区,北1条東1丁目2-3,011,251-1221,,,,,,,,○,,,,
054,社会医療法人社団カレスサッポロ 時計台記念クリニック,北海道札幌市,中央区,北1条東1丁目2-3,011,251-2221,,,,,,,,○,,,,
055,創世内科クリニック,北海道札幌市,中央区,北1条東3丁目2-2  シティハウス札幌大通東1階,011,272-7111,,,○,,○,,,,,○,○,
056,医療法人社団  草薙レディースクリニック,北海道札幌市,中央区,北2条西1丁目1  マルイト札幌ビル2階,011,222-9372,,,,,,,,○,,,,
057,富田内科循環器科クリニック,北海道札幌市,中央区,北2条西1丁目1  マルイト札幌ビル2階,011,242-5300,,,,,,,,○,,,,
058,医療法人社団緑生会  緑の森皮フ科クリニック,北海道札幌市,中央区,北2条西3丁目  朝日生命札幌ビル5階,011,221-0002,,,,,,,,○,,,,
059,医療法人社団  神谷レディースクリニック,北海道札幌市,中央区,北3条西2丁目2-1  日通札幌ビル2階,011,231-2722,,,,,,,,○,,,,
060,医療法人社団  やましな内科クリニック,北海道札幌市,中央区,北2条西4丁目1-2 北海道ビルヂング5階,011,241-9074,,,○,○,○,○,○,○,○,,○,
061,医療法人沢史会サッポロファクトリーこどもクリニック,北海道札幌市,中央区,北2条東４丁目1−2  サッポロファクトリー2条館,011,223−7800,○,○,○,○,○,○,○,○,○,○,○,○
062,医療法人社団  斎藤医院,北海道札幌市,中央区,北2条東8丁目86,011,231-5507,○,○,○,○,○,,,○,○,,○,
063,石田内科クリニック,北海道札幌市,中央区,北3条西2丁目  本田ビル2階,011,222-2706,,,,,,○,○,○,,,,
064,医療法人社団みぶな会  産科・婦人科ひなたクリニック,北海道札幌市,中央区,北3条西4丁目1-1  日本生命札幌ビル3階,011,204-8000,,,,,,,,○,,,,
065,医療法人社団慈昂会  昂希内科クリニック,北海道札幌市,中央区,北3条西24丁目1-22,011,611-2711,,,,,,,,○,,○,○,
066,かねし小児科,北海道札幌市,中央区,北3条西25丁目1-20,011,612-0345,○,○,○,○,○,○,○,,○,○,○,○
067,ＪＲ札幌病院,北海道札幌市,中央区,北3条東1丁目,011,208-7150,○,○,○,○,○,○,○,○,○,○,○,○
068,ＪＡ北海道厚生連  札幌厚生病院,北海道札幌市,中央区,北3条東8丁目5,011,261-5331,○,,○,○,○,○,○,○,○,○,○,○
069,札幌駅前しきしま乳腺外科クリニック,北海道札幌市,中央区,北4条西3丁目  駅前合同ビル8階,011,208-6000,,,,,,,,○,,,,
070,医療法人社団龍櫻会  札幌駅前さくら形成外科,北海道札幌市,中央区,北4条西3丁目  駅前合同ビル9階,011,242-1155,,,,,,,,○,,,,
071,こころメンタルクリニック,北海道札幌市,中央区,北4条西3丁目1  札幌駅前合同ビル5階,011,280-5000,,,,,,,,○,,,,
072,富澤内科クリニック,北海道札幌市,中央区,北4条西5丁目1  アスティ45ビル6階,011,205-6181,,,,,,,,○,,,○,
073,国家公務員共済組合連合会  斗南病院,北海道札幌市,中央区,北4条西7丁目3-8,011,231-2121,,,,,,,,○,,,,
074,クリニック・イン・ザ・モーニング,北海道札幌市,中央区,北4条西16丁目1-3,011,611-2005,○,○,○,○,○,○,○,○,○,○,○,○
075,斗南前よしざき内科消化器内科クリニック,北海道札幌市,中央区,北5条西6丁目2-2  札幌センタービル14階,011,222-0700,,,,,,,,,,,○,
076,宮の森ファミリークリニック,北海道札幌市,中央区,北5条西27丁目2-1,011,623-0023,○,○,○,○,○,○,○,○,○,○,○,○
077,医療法人社団  清水クリニック,北海道札幌市,中央区,北5条西27丁目2-3 メディック28ビル3階,011,622-8985,,,,,,,,,,,○,
078,そうえんにっこり小児科,北海道札幌市,中央区,北7条西15丁目28-11 中央カクマンビル2階,011,213-8020,○,○,○,○,○,○,○,○,○,○,○,○
079,北円山  杜のこどもクリニック,北海道札幌市,中央区,北9条西24丁目1-26,011,616-8700,○,○,○,○,○,○,○,○,○,○,○,○
080,桑園駅前内科クリニック,北海道札幌市,中央区,北10条西15丁目1-57ブランズ札幌桑園駅前ウエスト1階,011,642-3111,,,,,,,,,,,○,
081,市立札幌病院,北海道札幌市,中央区,北11条西13丁目1-1,011,726-2211,○,○,○,○,○,○,○,○,○,○,,○
082,市立病院前内科,北海道札幌市,中央区,北11条西14丁目1-1ほくやくビル２階,011,790-8230,,,,,,,,,,,○,
083,のだレディースクリニック,北海道札幌市,中央区,北11条西15丁目2-1  サンエーアインビル2階,011,708-0550,,,,,,,,○,,,,
084,医療法人社団水色の木もれ陽   肝臓クリニック札幌,北海道札幌市,中央区,北11条西15丁目2-1  サンエーアインビル3階,011,708-8080,○,○,○,○,○,○,○,,○,○,○,○
085,椿診療所,北海道札幌市,中央区,南1条西10丁目3  南一条道銀ビル1階,011,281-0808,,,,,,,,○,,,,
086,ＮＴＴ東日本札幌病院,北海道札幌市,中央区,南1条西15丁目,011,623-7000,○,○,○,○,○,○,○,○,○,○,○,○
087,医療法人社団さっぽろ小児内分泌クリニック,北海道札幌市,中央区,南1条西16丁目  レーベンビル3階,011,688-7080,○,○,○,○,○,○,○,○,,○,○,○
088,医療法人  糖生会大通り内科クリニック,北海道札幌市,中央区,南1条西16丁目  レーベンビル4階,011,632-8500,,,,○,○,,,,,,,
089,医療法人社団  小泉呼吸器科・内科クリニック,北海道札幌市,中央区,南1条西27丁目1-41,011,632-8881,○,○,○,○,○,○,○,○,○,○,○,
090,医療法人社団  ルミネレディースクリニック,北海道札幌市,中央区,南1条西2丁目  南一条Kビル3階,011,200-7700,,,,,,,,○,,,,
091,医療法人  日之出内科クリニック,北海道札幌市,中央区,南1条西4丁目13  日之出ビル7階,011,200-7757,,,,○,○,,,○,,,○,
092,医療法人社団  モリタ内科胃腸科クリニック,北海道札幌市,中央区,南1条西4丁目5-1  大手町ビル6階,011,222-6667,,,,,,,,○,○,,○,
093,医療法人明日葉会  札幌マタニティ・ウイメンズ南一条クリニック,北海道札幌市,中央区,南1条西6丁目  第27桂和ビル4階,011,208-1880,,,,,,,,○,,,,
094,財団法人パブリックヘルスリサーチセンター北海道支部  札幌商工診療所,北海道札幌市,中央区,南1条西6丁目11  札幌北辰ビル2階,011,251-2884,,,,,,,,○,,,,
095,医療法人社団花水木  札幌こころの診療所,北海道札幌市,中央区,南1条東2丁目6  大通バスセンタービル2号館5階,011,218-8888,,,,,,,,,,○,○,
096,響きの杜クリニック,北海道札幌市,中央区,南2条西27丁目1-9,011,632-8331,,,,,,,,○,,,,
097,医療法人社団  林レディースクリニック,北海道札幌市,中央区,南2条西3丁目  エルセントロ札幌3階,011,206-3050,,,,,,,,○,○,,,
098,桜井内科・胃腸内科,北海道札幌市,中央区,南2条西3丁目12-5  江木ビル8階,011,272-1155,,,,,,,,○,,,,
099,医療法人社団小六メディカルクリニック  おおこうち産科婦人科,北海道札幌市,中央区,南2条西8丁目10,011,233-4103,,,,,,,,○,,,,
100,医療法人社団結仁会  浜田内科消化器科クリニック,北海道札幌市,中央区,南3条西2丁目1-1  H&Bプラザビル4階,011,219-5555,,,,,,,,○,,,,○
101,竹村クリニック,北海道札幌市,中央区,南3条西12丁目325番地,011,271-1811,,,,,,,,○,,,,
102,医療法人社団  円山リラクリニック,北海道札幌市,中央区,南3条西21丁目2-11,011,611-1366,,,○,,,,,○,,,,
103,医療法人えんどう会  創成東病院,北海道札幌市,中央区,南3条東3丁目13,011,222-2117,,,,,,,,,,,○,
104,医療法人社団  にひら小児科医院,北海道札幌市,中央区,南4条西6丁目4,011,521-1391,○,○,○,○,○,○,○,○,○,○,○,○
105,ほしい小児科・整形外科,北海道札幌市,中央区,南4条西16丁目1-28,011,561-2132,○,○,○,○,○,○,○,○,○,○,○,○
106,医療法人菊郷会  愛育病院,北海道札幌市,中央区,南4条西25丁目2-1,011,563-2211,○,○,○,○,○,○,○,○,○,○,○,○
107,田畑産婦人科,北海道札幌市,中央区,南5条西2丁目6,011,531-7770,,,,,,○,,○,,,,
108,佐野内科医院,北海道札幌市,中央区,南5条西15丁目1-6,011,561-0288,,,,,,,,○,,,○,
109,南円山内科医院,北海道札幌市,中央区,南6条西20丁目2-5,011,520-3670,,,○,,,○,○,○,,,,○
110,医療法人社団杏友会  リバーサイド内科循環器科クリニック,北海道札幌市,中央区,南7条西2丁目1 第2リバーサイドマンション1階,011,521-2321,,,,,,○,○,○,○,,,
111,南７条クリニック,北海道札幌市,中央区,南7条西9丁目1024-2,011,551-2121,○,○,○,○,○,○,○,○,○,○,○,○
112,中央内科医院,北海道札幌市,中央区,南7条西15丁目2-1-1,011,561-6362,,,,,,,,○,,,,
113,医療法人社団若浜医院,北海道札幌市,中央区,南7条西17丁目1-5,011,561-6767,○,○,○,○,○,○,○,○,○,○,○,○
114,医療法人社団  産婦人科吉尾医院,北海道札幌市,中央区,南8条西3丁目1-7,011,511-5564,,,,,,,,○,,,,
115,医療法人社団  高木医院,北海道札幌市,中央区,南8条西18丁目1-15,011,561-0019,○,○,○,○,○,○,○,○,○,○,○,
116,医療法人社団  旭山内科クリニック,北海道札幌市,中央区,南8条西24丁目2-11 旭山公園メディカル2階,011,552-3666,,,○,○,○,○,○,○,○,,○,
117,おく医院,北海道札幌市,中央区,南9条西13丁目3-8,011,561-2826,○,○,○,○,○,○,○,○,○,○,○,○
118,医療法人社団  さっぽろ幌西クリニック,北海道札幌市,中央区,南9条西15丁目3-30,011,551-3315,,,,,,,,,,,○,
119,中橋内科クリニック,北海道札幌市,中央区,南10条西21丁目7-17,011,561-3330,,,,,,,,○,,,,
120,田代内科呼吸器科クリニック,北海道札幌市,中央区,南11条西8丁目2-1  ドミ16中島公園1階,011,561-2511,○,○,○,○,○,○,,○,○,,,○
121,高岡レディースケアクリニック,北海道札幌市,中央区,南11条西13丁目2-3,011,562-2882,,,,,,,,○,,,,
122,医療法人社団  今井内科小児科医院,北海道札幌市,中央区,南11条西18丁目1-25,011,561-3627,○,○,○,○,○,○,○,○,○,○,○,○
123,土田内科・循環器科クリニック,北海道札幌市,中央区,南11条西21丁目4-33,011,512-2020,,,○,,,,,○,,,○,
124,西線医院,北海道札幌市,中央区,南12条西15丁目3-1,011,561-8507,,,,,,,,○,,,,
125,医療法人みたに胃腸内科,北海道札幌市,中央区,南13条西22丁目2-11,011,530-1522,,,,,,,,○,○,,,
126,行啓通り  かこクリニック,北海道札幌市,中央区,南14条西8丁目5-1-102,011,596-9500,,,○,,○,,,○,,○,○,
127,医療法人社団  はせ小児科クリニック,北海道札幌市,中央区,南14条西18丁目4-3,011,532-5151,○,○,○,○,○,○,○,○,○,○,○,○
128,医療法人社団千風会  ちあき内科呼吸器科クリニック,北海道札幌市,中央区,南15条西11丁目1-5  唯ビル2階,011,522-3777,,,,,,,,○,,,,
129,やまはな野村内科クリニック,北海道札幌市,中央区,南15条西14丁目1-22  マックスバリュ南15条店2階,011,520-3360,,,○,,,,,○,,○,○,
130,あんざい内科クリニック,北海道札幌市,中央区,南16条西7丁目2-15,011,511-9073,○,○,○,○,○,○,○,○,,,,
131,松家内科小児科医院,北海道札幌市,中央区,南17条西6丁目4-13,011,521-1141,○,○,○,○,○,○,○,○,○,○,○,○
132,医療法人社団   伏見内科,北海道札幌市,中央区,南19条西14丁目1-4,011,513-2430,,,,,,,,,○,,,
133,きちかわクリニック,北海道札幌市,中央区,南20条西14丁目1573-8,011,518-5257,,,,,,,,,,○,○,○
134,ゆうしん内科クリニック,北海道札幌市,中央区,南20条西16丁目2-1,011,552-7000,,,,,,,,,,,○,
135,医療法人社団  土田病院,北海道札幌市,中央区,南21条西9丁目,011,531-7013,,,,○,○,,,○,,,,○
136,医療法人社団  きむら小児科医院,北海道札幌市,中央区,南21条西13丁目2-3,011,513-2220,○,○,○,○,○,○,○,○,○,○,○,○
137,オアシスレディースクリニック,北海道札幌市,中央区,南22条西11丁目1-48 山鼻メディカルビル4階,011,512-2525,,,,,,,,○,,,,
138,社会医療法人  北海道循環器病院,北海道札幌市,中央区,南27条西13丁目1-30,011,563-3911,,,,,,,,○,,,,
139,医療法人社団明日佳   札幌明日佳病院,北海道札幌市,中央区,宮の森１条17丁目1-25,011,513-2430,,,,,,,,,○,,,
140,医療法人社団  うめつ小児科,北海道札幌市,中央区,宮の森2条5丁目5-15,011,643-8878,○,○,○,○,○,○,○,○,○,○,○,○
141,医療法人社団青葉   いまいホームケアクリニック,北海道札幌市,中央区,宮の森3条1丁目1-38,011,215-8098,,,,,,,,,,○,○,
142,宮の森三条内科クリニック,北海道札幌市,中央区,宮の森3条6丁目2-10,011,616-0036,,,,,,,,○,,,○,
143,医療法人讃生会  宮の森記念病院,北海道札幌市,中央区,宮の森3条7丁目5-25,011,641-6641,,,,,,,,○,,,,
144,医療法人社団田邉医院新生クリニック,北海道札幌市,東区,北10条東6丁目1-35,011,741-2688,,,,,,,,,,,○,
145,医療法人社団  川島医院,北海道札幌市,東区,北11条東10丁目1-1,011,711-9965,○,○,○,○,○,○,○,○,○,○,○,○
146,社会医療法人母恋  天使病院,北海道札幌市,東区,北12条東3丁目1-1,011,711-0101,○,○,○,○,○,○,○,○,○,○,○,○
147,社会医療法人社団カレスサッポロ  よつば家庭医療クリニック,北海道札幌市,東区,北12条東4丁目1-1,011,722-7700,○,,○,○,○,○,○,,○,○,○,
148,医療法人社団  ポプラ小児科医院,北海道札幌市,東区,北12条東7丁目17 メディカルセンター光星1階,011,711-7425,○,○,○,○,○,○,○,○,○,○,○,○
149,光星メディカルクリニック,北海道札幌市,東区,北12条東7丁目17 メディカルセンター光星2階,011,704-6887,,,○,,○,○,○,○,,,,
150,医療法人社団健守会  札幌でむら小児クリニック,北海道札幌市,東区,北16条東16丁目1-13 北愛メディカルビル3階,011,781-4115,○,○,○,○,○,○,○,○,○,○,○,○
151,医療法人社団  野沢医院,北海道札幌市,東区,北17条東1丁目2-25,011,741-3535,○,○,○,○,○,○,○,○,○,○,○,○
152,医療法人育愛会  札幌東豊病院,北海道札幌市,東区,北17条東15丁目3-1,011,704-3911,○,○,○,○,○,○,○,○,○,○,,○
153,北18条つじ内科・消化器内科,北海道札幌市,東区,北18条東1丁目3-3,011,752-1801,,,,,,,,,,,○,
154,医療法人社団  谷村医院サンクリニック,北海道札幌市,東区,北19条東8丁目5-2,011,731-7226,○,○,,,○,○,○,○,○,,,
155,美香保医院,北海道札幌市,東区,北20条東7丁目2-27,011,711-7787,○,○,○,○,○,○,○,○,○,,,○
156,医療法人社団  藤田医院,北海道札幌市,東区,北20条東13丁目1-2,011,711-8084,○,○,○,○,○,○,○,,○,○,○,○
157,医療法人社団  石川内科医院,北海道札幌市,東区,北23条東9丁目1-27,011,751-2750,○,○,○,○,○,○,○,○,○,○,○,○
158,医療法人社団  明園内科小児科医院,北海道札幌市,東区,北23条東13丁目1-15,011,751-0221,○,,○,○,○,,,,○,,,
159,ふるかわ小児科アレルギー科クリニック,北海道札幌市,東区,北24条東16丁目1-7 グローバリビル,011,789-5555,○,○,○,○,○,○,○,○,○,○,○,○
160,元町内科クリニック,北海道札幌市,東区,北23条東16丁目1-11元町メディカルビル2階,011,787-6666,,,,,,,,,,,○,
161,医療法人社団  中村医院,北海道札幌市,東区,北24条東17丁目1-19,011,782-1901,,,○,○,○,○,○,○,○,,○,
162,医療法人社団元町こどもの城  元町こどもクリニック,北海道札幌市,東区,北24条東21丁目5-1 グリーンメディカルモール2階,011,782-2820,○,○,○,○,○,○,○,○,○,○,○,○
163,医療法人社団昭平会  みよか内科クリニック,北海道札幌市,東区,北24条東21丁目5-1  グリーンメディカルモール1階,011,781-3431,,,,,,,,○,,,,
164,こころと発達クリニック   えるむの木,北海道札幌市,東区,北25条東3丁目1-37,011,733-0087,○,○,○,○,○,○,○,○,○,○,○,○
165,医療法人社団  平澤内科呼吸器科クリニック,北海道札幌市,東区,北25条東3丁目3-11,011,711-8297,○,○,○,○,○,○,○,○,○,○,○,○
166,医療法人社団  八田内科,北海道札幌市,東区,北25条東15丁目4-27,011,751-2548,,,,,,,,○,,,,
167,医療法人社団豊生会   元町ひまわり消化器内科・腎透析クリニック,北海道札幌市,東区,北25条東20丁目7-1,011,783-5100,○,○,○,○,○,,,○,,,○,
168,公益財団法人  北海道対がん協会札幌がん検診センター,北海道札幌市,東区,北26条東14丁目1-15,011,748-5511,,,,,,,,○,,,,
169,社会医療法人社団カレスサッポロ  北光記念クリニック,北海道札幌市,東区,北27条東8丁目1-15,011,722-1122,,,,,,,,,,,○,
170,にしはら内科クリニック,北海道札幌市,東区,北30条東1丁目4-1,011,721-2486,,,,,,,,○,,,,
171,医療法人社団  石田内科小児科医院,北海道札幌市,東区,北30条東13丁目3-10,011,753-0380,○,○,○,○,○,○,○,○,○,○,○,○
172,医療法人徳洲会  札幌東徳洲会病院,北海道札幌市,東区,北33条東14丁目3-1,011,722-1110,○,○,○,○,○,○,○,○,○,○,,○
173,社会福祉法人麦の子会  むぎのこ発達クリニック,北海道札幌市,東区,北36条東10丁目2-7,011,753-6467,○,○,○,○,○,○,○,○,○,○,○,○
174,医療法人基仁会新道東おおた内科,北海道札幌市,東区,北37条東15丁目1-24,011,748-1551,○,○,○,○,○,,,○,○,○,○,
175,石川内科クリニック,北海道札幌市,東区,北38条東7丁目2-17  北栄メディカルビル1階,011,752-7337,○,○,○,○,○,○,○,○,○,○,○,○
176,社会医療法人   耳鼻咽喉科麻生病院,北海道札幌市,東区,北40条東1丁目1-7,011,731−4133,,,○,○,○,,,,○,,,
177,鈴木内科医院,北海道札幌市,東区,北40条東3丁目2-17,011,751-4038,,,,,,,,○,,,,
178,みきファミリークリニック,北海道札幌市,東区,北41条東7丁目3-12,011,299-6555,○,○,○,○,○,○,○,○,○,○,○,○
179,医療法人北海道家庭医療学センター栄町ファミリークリニック,北海道札幌市,東区,北41条東15丁目1-18,011,723-8633,○,○,○,○,○,○,○,○,○,○,○,○
180,特定医療法人とこはる  東栄病院,北海道札幌市,東区,北41条東16丁目3-14,011,782-0111,○,○,○,○,○,○,○,○,○,○,○,○
181,栄町レディースクリニック,北海道札幌市,東区,北42条東16丁目1-1,011,783-1111,,,,,,,,○,,,,
182,医療法人社団  ちいろば子供クリニック,北海道札幌市,東区,北42条東16丁目1-1  N42メディカルビル4階,011,789-3888,○,○,○,○,○,○,○,○,○,○,○,○
183,栄町内科循環器内科クリニック,北海道札幌市,東区,北42条東16丁目1-1N42メディカルビル6階,011,789-2311,,,,,,,,,,,○,
184,医療法人社団  栄北小児科,北海道札幌市,東区,北45条東1丁目3-20,011,731-1640,○,○,○,○,○,○,○,○,○,○,○,○
185,医療法人為久会  札幌共立医院,北海道札幌市,東区,北48条東1丁目1-5,011,752-4101,,,,,,,,○,,,,
186,医療法人社団豊生会丘珠明陽医院,北海道札幌市,東区,北丘珠3条1丁目21-20,011,781-1145,○,○,○,○,○,○,○,○,○,○,○,○
187,医療法人社団  北海道こども心療内科氏家医院,北海道札幌市,東区,苗穂町3丁目2-37,011,711-3450,○,○,○,○,○,○,○,○,○,○,○,○
188,医療法人社団豊生会  東雁来すこやか内科・小児科クリニック,北海道札幌市,東区,東雁来11条4丁目1-10,011,791-9991,○,○,○,○,○,○,○,○,○,○,○,○
189,医療法人社団豊生会  東苗穂病院,北海道札幌市,東区,東苗穂3条1丁目2-18,011,784-1121,,,○,,,,,○,,○,○,
190,医療法人社団  つかざき小児科,北海道札幌市,東区,東苗穂4条1丁目14-101  成和ビル2階,011,781-2200,○,○,○,○,○,○,○,○,○,○,○,○
191,勤医協中央病院,北海道札幌市,東区,東苗穂5条1丁目41番地,011,782-9111,,,,,,,,○,,,,
192,医療法人社団  ユーこどもクリニック,北海道札幌市,東区,東苗穂7条2丁目2-25  C7ビル1階,011,785-4970,○,○,○,○,○,○,○,○,○,○,○,○
193,医療法人社団英仁会  札苗病院,北海道札幌市,東区,東苗穂7条2丁目8-20,011,783-3311,,,,,,,,○,,,,
194,医療法人社団プライマリ  さの内科循環器クリニック,北海道札幌市,東区,東苗穂12条2丁目21-15,011,791-5333,○,○,○,○,○,○,○,○,○,○,○,○
195,医療法人  モエレ外科胃腸科,北海道札幌市,東区,東苗穂12条3丁目21-3,011,791-7711,,,,,,,,○,,,,
196,医療法人社団  伏古レディースクリニック,北海道札幌市,東区,伏古8条3丁目6-20,011,780-1103,,,,,,○,○,○,,,,
197,勤医協伏古10条クリニック,北海道札幌市,東区,伏古10条3丁目,011,786-5588,,,,,,,,,,,○,
198,医療法人社団  岡田内科呼吸器科クリニック,北海道札幌市,東区,伏古12条5丁目8-22,011,787-2171,,,○,○,○,,○,○,○,○,○,
199,医療法人いけだ内科循環器クリニック,北海道札幌市,東区,本町1条7丁目1-46,011,789-0055,,,,,,,,○,,○,○,
200,医療法人社団ブロッサム  苗穂レディスクリニック,北海道札幌市,東区,本町2条5丁目2-4,011,781-1955,○,○,,○,○,○,○,○,○,,,○
201,医療法人社団 めばえこどもクリニック,北海道札幌市,北区,あいの里1条3丁目4-8,011,770-5160,○,○,○,○,○,○,○,○,○,○,○,○
202,医療法人社団 あいの里内科消化器科クリニック,北海道札幌市,北区,あいの里1条6丁目 クリーンリバーネオシティあいの里1階,011,778-7111,○,○,○,○,○,○,○,○,○,○,○,○
203,かしま内科クリニック,北海道札幌市,北区,あいの里2条3丁目16-7,011,778-7031,,,○,,,,,○,,,○,
204,北海道医療大学病院,北海道札幌市,北区,あいの里2条5丁目,011,778-7575,○,○,○,○,○,○,○,○,○,○,○,○
205,医療法人社団 いけだクリニック,北海道札幌市,北区,あいの里2条8丁目4-5,011,778-2721,○,○,○,○,○,○,○,○,○,○,○,○
206,鈴木外科循環器科クリニック,北海道札幌市,北区,あいの里3条4丁目8-1,011,770-4730,,,○,○,○,,,,,,,
207,さっぽろ内科・リウマチ膠原病クリニック,北海道札幌市,北区,北7条西2丁目20 東京建物札幌ビル3階,011,700-2000,○,,○,○,○,○,○,,○,○,○,
208,医療法人社団モアナ  エムズレディースクリニック,北海道札幌市,北区,北7条西5丁目7-1 札幌北スカイビル5階,011,738-7777,,,,,,,,○,,,,
209,ウィミンズクリニック札幌,北海道札幌市,北区,北7条西5丁目8-1 北7条ヨシヤビル5階,011,738-7877,,,,,,,,○,,,○,○
210,公益財団法人結核予防会北海道支部 札幌複十字総合健診センター,北海道札幌市,北区,北8条西3丁目28 札幌エルプラザ5階,011,700-1331,,,,,,,,○,,,,
211,医療法人社団 札幌駅前アップルレディースクリニック,北海道札幌市,北区,北8条西3丁目28 札幌エルプラザ6階,011,736-8222,,,,,,,,○,,,○,
212,医療法人社団 佐藤診療所,北海道札幌市,北区,北12条西2丁目,011,716-1637,,,○,○,○,,,○,,,,
213,医療法人明日葉会 札幌マタニティ・ウイメンズホスピタル,北海道札幌市,北区,北13条西4丁目2-23,011,746-5505,○,○,,○,○,○,○,○,○,○,,○
214,北16条内科循環器クリニック,北海道札幌市,北区,北16条西4丁目1-19,011,738-1212,,,,,,,,○,,,○,
215,なかお内科循環器クリニック,北海道札幌市,北区,北17条西3丁目2-1 1階,011,729-5510,,,,,,,,○,,,,
216,医療法人社団 北20条内科クリニック,北海道札幌市,北区,北20条西6丁目2-10,011,758-8080,○,○,○,○,○,,,○,○,,○,○
217,リズミック産婦人科クリニック,北海道札幌市,北区,北22条西5丁目1-32,011,700-0505,,,,,,,,○,,,,
218,医療法人社団和仁会 平田内科クリニック,北海道札幌市,北区,北24条西14丁目3-15,011,756-2220,,,,,,,,○,,,,
219,くすのきこどもクリニック,北海道札幌市,北区,北24条西14丁目3-8 北24条通メディカルプレイス2階,011,717-0415,○,○,○,○,○,○,○,○,○,○,○,○
220,医療法人社団 さとう小児科医院,北海道札幌市,北区,北25条西5丁目1-1,011,756-5007,○,○,○,○,○,○,○,○,○,○,○,○
221,医療法人社団眞明会 今医院,北海道札幌市,北区,北25条西8丁目2-3,011,716-9255,○,○,○,○,○,○,○,○,○,○,○,○
222,医療法人社団 小林内科小児科医院,北海道札幌市,北区,北28条西5丁目2-16,011,716-8531,○,○,○,○,○,○,○,○,○,○,○,○
223,しもかわ内科・循環器内科,北海道札幌市,北区,北29条西15丁目3-8,011,716-1300,,,,,,,,,,,○,
224,医療法人社団昇英会 整形外科新川駅いとかクリニック,北海道札幌市,北区,北29条西15丁目3-8,011,716-1117,,,,,,,,,,○,○,
225,医療法人社団慈Th会 小林内科クリニック,北海道札幌市,北区,北38条西2丁目2-17,011,709-5885,○,○,○,○,○,○,○,○,○,○,○,○
226,西村外科胃腸科,北海道札幌市,北区,北40条西4丁目2-1 麻Thメディカルビル2階,011,757-1560,,,,,,○,○,○,,,,
227,医療法人社団北耀会 あさぶ小児科,北海道札幌市,北区,北40条西4丁目2-15 東光ストア麻Th店2階,011,717-3111,○,○,○,○,○,○,○,○,○,○,○,○
228,医療法人 しのろファミリークリニック,北海道札幌市,北区,篠路2条10丁目12-1,011,771-2800,○,○,○,○,○,○,○,○,○,○,○,○
229,川島内科胃腸科,北海道札幌市,北区,篠路2条3丁目5-10,011,773-8233,,,,,,,,○,,,○,
230,医療法人社団篠路こどもクリニック,北海道札幌市,北区,篠路3条6丁目4-32,011,776-0776,○,○,○,○,○,○,○,○,○,○,○,○
231,医療法人社団健志会 しのろ駅前医院,北海道札幌市,北区,篠路4条6丁目11-17,011,774-8388,○,○,○,○,○,○,○,○,○,○,○,○
232,医療法人社団大黒会 吉田医院,北海道札幌市,北区,篠路5条5丁目7-1,011,771-2020,,,○,,,○,○,○,,,,
233,社会医療法人康和会 札幌しらかば台篠路病院,北海道札幌市,北区,篠路7条4丁目2-15,011,773-0711,,,,,,,,○,,,,
234,医療法人社団 五稜会病院,北海道札幌市,北区,篠路9条6丁目2-3,011,771-5660,,,,,,,,○,,,,
235,横山内科医院,北海道札幌市,北区,篠路10条2丁目11-22,011,771-1611,○,○,○,○,○,○,○,○,○,○,○,
236,医療法人社団 新川ファミリエ内科,北海道札幌市,北区,新川3条7丁目1-10-1,011,763-8118,,,○,,○,,,○,,○,○,
237,医療法人アパンド  みみ・はな・のど横浜クリニック,北海道札幌市,北区,新川3条7丁目1-3,011,765-4580,,,,,,○,○,○,,○,○,
238,玄気堂漢方内科クリニック,北海道札幌市,北区,新川4条1丁目3-3 ecoa新川クリニックモール2階,011,640-7740,,,,,,,,○,,,,
239,医療法人社団 中鉢小児クリニック,北海道札幌市,北区,新川4条10丁目7-13,011,764-1118,○,○,○,○,○,○,○,,○,○,○,○
240,社会医療法人延山会 北成病院,北海道札幌市,北区,新川西3条2丁目10-1,011,764-3021,,,,,,,,○,,,○,
241,医療法人社団 池田内科,北海道札幌市,北区,新琴似1条13丁目1-7,011,764-8833,○,○,○,○,○,○,○,○,○,○,○,
242,医療法人社団   どい内科クリニック,北海道札幌市,北区,新琴似1条3丁目3-13,011,769-1200,○,,○,,○,,,○,,○,○,○
243,大沼内科クリニック,北海道札幌市,北区,新琴似1条8丁目22-17,011,764-3110,○,○,○,○,○,○,○,○,○,○,○,○
244,飛騨内科クリニック,北海道札幌市,北区,新琴似2条11丁目7-7,011,769-8002,,,○,○,○,○,○,○,,,,
245,医療法人社団 阿部内科医院,北海道札幌市,北区,新琴似3条11丁目7-24,011,761-2395,○,○,○,○,○,○,○,○,○,○,○,○
246,医療法人研成会 札幌鈴木病院,北海道札幌市,北区,新琴似3条1丁目1-27,011,709-5511,,,,,,,,,,,,
247,のびるこどもクリニック,北海道札幌市,北区,新琴似5条2丁目1-9,011,766-2206,○,○,○,○,○,○,○,,○,○,○,○
248,医療法人社団 布施川内科医院,北海道札幌市,北区,新琴似7条14丁目4-23,011,764-2411,○,○,○,○,○,○,○,○,○,○,○,○
249,医療法人社団 おおさき内科,北海道札幌市,北区,新琴似7条9丁目6-21,011,766-0666,,,○,,,,,○,,,○,
250,医療法人社団 横山医院,北海道札幌市,北区,新琴似8条13丁目1-4,011,761-2484,○,○,○,○,○,○,○,○,○,○,○,○
251,医療法人社団 新琴似内科クリニック,北海道札幌市,北区,新琴似8条6丁目1-1,011,761-1076,,,,,,,,○,,,○,
252,勤医協札幌北区ぽぷらクリニック,北海道札幌市,北区,新琴似10条2丁目1,011,762-8811,,,,,,,,,,,○,
253,小児科高橋医院,北海道札幌市,北区,新琴似10条8丁目3-1,011,765-3820,○,○,○,○,○,○,○,○,○,○,○,○
254,内科小児科さとう医院,北海道札幌市,北区,太平10条7丁目2-7,011,771-5251,○,○,○,○,○,○,○,○,○,,,
255,太平高山内科クリニック,北海道札幌市,北区,太平12条4丁目8-13,011,770-2177,,,○,,,,,,,,○,
256,ひまわり内科小児科医院,北海道札幌市,北区,拓北6条2丁目6-18,011,771-8551,,,○,○,○,○,○,○,○,,,
257,医療法人社団 こすげ内科医院,北海道札幌市,北区,屯田2条3丁目8-10,011,771-6101,,,○,○,○,,,,,,○,
258,医療法人社団 たちばなこどもクリニック,北海道札幌市,北区,屯田4条1丁目7-10,011,773-7377,○,○,○,○,○,○,○,○,○,○,○,○
259,医療法人社団 ふるや内科,北海道札幌市,北区,屯田4条3丁目2-10,011,771-2211,○,○,○,○,○,○,○,○,○,○,○,
260,医療法人社団 朋佑会札幌産科婦人科,北海道札幌市,北区,屯田6条2丁目11-1,011,774-0303,○,○,○,○,○,○,○,○,○,○,○,○
261,医療法人社団 とんでん小児科,北海道札幌市,北区,屯田6条6丁目5-32,011,773-6121,○,○,○,○,○,○,○,○,○,○,○,○
262,メディック北札幌,北海道札幌市,北区,屯田7条3丁目10-15,011,775-5000,○,,○,○,○,○,○,○,○,○,○,○
263,医療法人桃実会   にわ糖尿病・内科クリニック,北海道札幌市,北区,屯田9条3丁目1-20,011,790-7900,,,○,○,○,,,○,,,,
264,医療法人社団 ゆりがはら内科 ケア＆クリニック,北海道札幌市,北区,百合が原7丁目4-25,011,770-7111,,,○,○,○,,,,○,,,
265,医療法人社団 札幌百合の会病院,北海道札幌市,北区,百合が原11丁目186,011,771-1501,○,○,○,○,○,○,○,,○,○,○,○
266,医療法人社団澪和会 なかの小児科,北海道札幌市,清田区,美しが丘3条2丁目3-1 コートロティ美しが丘1階,011,881-1505,○,○,○,○,○,○,○,○,○,○,○,○
267,医療法人社団群仁会 保坂内科クリニック,北海道札幌市,清田区,美しが丘4条5丁目3-15,011,884-7868,,,○,○,○,○,○,○,○,○,○,
268,北海道医療Th協 札幌緑愛病院,北海道札幌市,清田区,北野1条1丁目6-30,011,883-0121,,,○,,,,,,,,,
269,医療法人社団エス・エス・ジェイ 札幌整形循環器病院,北海道札幌市,清田区,北野1条2丁目11-30,011,881-1100,,,,,,,,○,,,,
270,医療法人 ほし内科消化器科クリニック,北海道札幌市,清田区,北野3条2丁目13-57,011,881-5551,,,○,,,,,○,,○,○,
271,医療法人社団 小野内科医院,北海道札幌市,清田区,北野5条5丁目15-27,011,883-8080,○,○,○,○,○,○,○,○,○,○,○,○
272,みき内科消化器きたのクリニック,北海道札幌市,清田区,北野7条5丁目12-20,011,887-1771,,,,,,,,,,,○,
273,さかもと内科消化器クリニック,北海道札幌市,清田区,清田1条4丁目4-30,011,888-8181,,,,,,,,○,,,,
274,医療法人社団 清田ウィメンズクリニック,北海道札幌市,清田区,清田1条4丁目5-30,011,886-4103,,,,,,,,○,,,,
275,医療法人社団 清田小児科医院,北海道札幌市,清田区,清田1条4丁目5-30 清田総合医療センタービル1階,011,881-5018,○,○,○,○,○,○,○,○,○,○,○,○
276,医療法人社団 サン内科外科医院,北海道札幌市,清田区,清田2条1丁目8-1,011,881-3322,○,○,○,○,○,○,○,○,○,,○,
277,医療法人社団 鈴木内科医院,北海道札幌市,清田区,清田4条2丁目10-25,011,882-2233,,,○,○,○,,,,,○,○,
278,医療法人徳洲会  札幌南徳洲会病院,北海道札幌市,清田区,里塚1条2丁目20-1,011,883-0602,,,,,,,,,,,○,
279,社会医療法人 札幌清田病院,北海道札幌市,清田区,真栄1条1丁目1-1,011,883-6111,,,,,,,,○,,,○,
280,医療法人北武会 美しが丘病院,北海道札幌市,清田区,真栄61番地1,011,883-8881,,,,,,○,○,○,,,○,
281,医療法人社団恒仁会 ひらおか公園小児科,北海道札幌市,清田区,平岡2条5丁目2 イオンタウン平岡,011,888-6000,○,○,○,○,○,○,○,○,○,○,○,○
282,医療法人社団一揚会  あだち内科クリニック,北海道札幌市,清田区,平岡6条2丁目2-10,011,886-3338,,,,,,,,○,,,○,
283,医療法人社団 みずきこどもクリニック,北海道札幌市,清田区,平岡6条2丁目2-10,011,886-9777,○,○,○,○,○,○,○,○,○,○,○,○
284,医療法人社団 ひらおか内科胃腸科,北海道札幌市,清田区,平岡6条3丁目10-1,011,885-2110,○,○,○,○,○,○,○,○,○,○,○,
285,医療法人社団 平岡公園整形外科・消化器科クリニック,北海道札幌市,清田区,平岡公園東1丁目12-12,011,888-8808,,,,,,,,○,,,,
286,医療法人社団 すえおかこどもクリニック,北海道札幌市,清田区,平岡公園東5丁目12-10 メディカルビル平岡公園東1階,011,888-1515,○,○,○,○,○,○,○,○,○,○,○,○
287,ふじた内科循環器クリニック,北海道札幌市,清田区,平岡公園東5丁目12-10 メディカルビル平岡公園東2階,011,888-7272,,,,,,,,○,○,,○,
288,医療法人社団延寿会  阿部内科クリニック,北海道札幌市,南区,石山1条7丁目7-7,011,592-0077,,,,,,,,,○,,○,
289,医療法人社団信洋会 石山メンタルクリニック,北海道札幌市,南区,石山2条8丁目2-12,011,591-7167,,,○,,,,,,,,,
290,医療法人社団 竹嶋内科クリニック,北海道札幌市,南区,石山東1丁目4-26,011,591-1112,,,○,,,,,,,,,
291,医療法人社団 芸術の森泌尿器科,北海道札幌市,南区,石山東3丁目1-31,011,591-8686,,,,,,,,,,,,○
292,医療法人社団 もいわ内科医院,北海道札幌市,南区,川沿1条3丁目3-25,011,571-5561,○,○,○,○,○,○,○,○,○,○,○,○
293,医療法人為久会  札幌共立五輪橋病院,北海道札幌市,南区,川沿2条1丁目2-54,011,571-8221,,,,,,,,,○,,○,
294,医療法人社団もなみ もなみクリニック,北海道札幌市,南区,川沿5条3丁目2-1,011,578-5775,,,,,,,,○,,,,
295,医療法人社団 川沿中央医院,北海道札幌市,南区,川沿5条3丁目2-3,011,571-7821,,,,,,○,○,○,○,,○,○
296,ほりえ内科クリニック,北海道札幌市,南区,川沿8条2丁目1-8 吉田ビル1階,011,571-6532,,,○,,,,,○,○,○,○,○
297,おおさわ小児科医院,北海道札幌市,南区,川沿8条2丁目1-8 吉田ビル3階,011,571-5001,○,○,○,○,○,○,○,○,○,○,○,○
298,なかの内科・消化器内科クリニック,北海道札幌市,南区,川沿14条2丁目1-3,011,571-0725,,,,,,,,○,,,,
299,あまみや小児科医院,北海道札幌市,南区,澄川3条2丁目4-15 澄川メディカル1F,011,831-5300,○,○,○,○,○,○,○,○,○,○,,○
300,酒井内科消化器科クリニック,北海道札幌市,南区,澄川3条3丁目4-12,011,831-0820,,,○,○,○,,,○,,,,
301,医療法人一光会 幸内科クリニック,北海道札幌市,南区,澄川4条6丁目7-35,011,837-7320,○,○,○,○,○,○,○,○,○,○,○,○
302,医療法人社団千寿会 千秋内科医院,北海道札幌市,南区,澄川6条4丁目11-7,011,812-8111,○,○,○,○,○,○,○,○,○,○,○,○
303,たむら内科クリニック,北海道札幌市,南区,澄川6条7丁目3-5,011,583-1161,○,○,○,○,○,,,,○,,,
304,医療法人社団 はまだ内科・神経内科クリニック,北海道札幌市,南区,中ノ沢1丁目1-4,011,578-1535,,,○,○,○,○,○,○,○,○,○,
305,ふじのさわ内科クリニック,北海道札幌市,南区,藤野2条2丁目1-15,011,591-8416,,,,,,,,○,,,,
306,十五島内科医院,北海道札幌市,南区,藤野2条6丁目1-5,011,591-8828,,,,,,,,○,,,,
307,社会医療法人康和会 札幌しらかば台南病院,北海道札幌市,南区,藤野2条11丁目7-1,011,596-2621,,,,,,,,○,,,○,
308,医療法人大地 小笠原クリニック藤野診療所,北海道札幌市,南区,藤野3条6丁目2-1コープさっぽろ藤野店2階,011,592-5335,,,,,,,,,,,○,
309,医療法人社団 板倉小児クリニック,北海道札幌市,南区,藤野3条7丁目1-1,011,591-0611,○,○,○,○,○,○,○,○,○,○,○,○
310,医療法人社団FOUR SEASONS 真駒内たかの内科,北海道札幌市,南区,真駒内泉町3丁目11-9,011,588-8777,,,,,,,,○,,,,
311,医療法人社団 真駒内キッズクリニック,北海道札幌市,南区,真駒内上町1丁目1-25 グリーンプラザ真駒内公園ビル1階,011,582-8884,○,○,○,○,○,○,○,○,○,○,○,○
312,医療法人社団 阿部小児科医院,北海道札幌市,南区,真駒内緑町1丁目3-10,011,582-0512,○,○,○,○,○,○,○,○,○,○,○,○
313,露口内科・消化器内科クリニック,北海道札幌市,南区,真駒内南町1丁目7-12,011,582-0811,,,○,,○,○,○,○,,,○,○
314,中根敏得リハビリテーション内科小児科医院,北海道札幌市,南区,南32条西10丁目2-1,011,582-3131,〇,,○,○,○,,,,○,,,
315,医療法人礼風会 五輪橋マタニティクリニック,北海道札幌市,南区,南39条西11丁目1-30,011,585-3110,○,○,○,○,○,○,○,○,○,○,○,○
316,中村小児科医院,北海道札幌市,西区,琴似1条2丁目5-6 琴似一番館,011,642-1650,○,○,○,○,○,○,○,○,○,○,○,○
317,医療法人社団 森谷内科クリニック,北海道札幌市,西区,琴似1条4丁目2-20,011,643-6533,,,,,,,,○,,,○,
318,まきぐち内科・循環器科クリニック,北海道札幌市,西区,琴似1条4丁目4-20 笹川ビル3階,011,618-1333,,,,,,,,○,,,,
319,医療法人社団慈昂会 琴似駅前内科クリニック,北海道札幌市,西区,琴似2条1丁目1-20 琴似タワープラザ2階,011,622-3531,,,,,,,,○,,,○,
320,医療法人社団 ともこレディースクリニック,北海道札幌市,西区,琴似2条1丁目1-20 琴似タワープラザ2階,011,641-8181,,,,,,,,○,,,,
321,医療法人社団 琴似産科婦人科クリニック,北海道札幌市,西区,琴似2条3丁目2-30,011,612-5611,,,,,,,,○,,,,
322,医療法人社団 琴似小児科クリニック,北海道札幌市,西区,琴似2条3丁目2-30,011,641-7551,○,○,○,○,○,○,○,○,○,○,○,○
323,ことに内科クリニック,北海道札幌市,西区,琴似2条4丁目2-1,011,633-1717,,,,,,,,○,,,,
324,医療法人社団 坂本医院,北海道札幌市,西区,琴似2条4丁目3-10,011,621-0808,,,,,,,,○,,,,
325,おおた内科クリニック,北海道札幌市,西区,琴似2条5丁目1-3 北幸ビル2階,011,643-5311,,,,,,,,,,,○,
326,医療法人社団友善会 琴似ファミリークリニック,北海道札幌市,西区,琴似4条2丁目1番2号  コルテナⅡ  1階,011,612-0333,,,,,,,,,,○,○,
327,医療法人社団 北浜胃腸科・内科,北海道札幌市,西区,西野2条4丁目3-15,011,663-3311,,,○,,,,,,,,○,
328,医療法人社団杏仁会 近内科クリニック,北海道札幌市,西区,西野3条2丁目1-38,011,664-3611,○,○,○,○,○,○,○,,○,○,○,○
329,医療法人社団 細田こどもクリニック,北海道札幌市,西区,西野3条6丁目2-7,011,667-8830,○,○,○,○,○,○,○,○,○,○,○,○
330,医療法人社団 石塚内科消化器科,北海道札幌市,西区,西野3条7丁目3-1,011,661-0403,○,○,○,○,○,○,○,○,○,○,○,
331,医療法人社団 後藤田医院,北海道札幌市,西区,西野3条9丁目10-37,011,663-8170,○,○,○,○,○,○,○,○,○,○,○,○
332,医療法人にしの内科クリニック,北海道札幌市,西区,西野5条2丁目8-37,011,788-6726,,,○,,,,,,,,○,
333,医療法人社団 西野六条クリニック,北海道札幌市,西区,西野6条7丁目1-1,011,663-3651,,,○,,,,,○,,○,○,
334,医療法人社団法真会 ひしかわ内科クリニック,北海道札幌市,西区,西野8条8丁目1-1,011,667-3336,○,○,○,○,○,○,○,○,○,○,○,
335,医療法人社団啓愛会 西さっぽろ小児科,北海道札幌市,西区,西町北7丁目2-11 西さっぽろメディカル2階,011,661-4211,○,○,○,○,○,○,○,○,○,○,○,○
336,医療法人社団糖仁会 あべ内科クリニック,北海道札幌市,西区,西町北7丁目2-11 西さっぽろメディカル3階,011,666-7301,,,,,,,,○,,,,
337,医療法人社団 札幌西レディースクリニック,北海道札幌市,西区,西町北11丁目1-5,011,661-3535,,,,,,,,○,,,,
338,勤医協西区ひだまりクリニック,北海道札幌市,西区,西町北19丁目1-3,011,671-5115,,,,,,,,,,,○,
339,医療法人社団 宮の沢レディースクリニック,北海道札幌市,西区,西町北20丁目2-12 SR宮の沢メディカルⅡビル2階,011,666-0050,,,,,,,,○,,,,
340,医療法人社団 松永内科クリニック,北海道札幌市,西区,西町北20丁目3-10 SR宮の沢メディカルビル3階,011,669-3666,,,,,,,,○,,,○,
341,医療法人 宮の沢小池こどもクリニック,北海道札幌市,西区,西町北20丁目3-10 SR宮の沢メディカルビル3階,011,669-5551,○,○,○,○,○,○,○,○,○,○,○,○
342,医療法人社団 小児科西町クリニック,北海道札幌市,西区,西町南5丁目13,011,663-3223,○,○,○,○,○,○,○,○,○,○,○,○
343,藤屋医院,北海道札幌市,西区,二十四軒3条5丁目4-28,011,621-7260,,,,,,,,○,,,,
344,琴似ハート内科・透析クリニック,北海道札幌市,西区,二十四軒4条2丁目9-10,011,688-8810,,,,,,,,,○,,,
345,社会医療法人孝仁会 札幌第一病院,北海道札幌市,西区,二十四軒4条3丁目4-26,011,611-6201,,,,,,,,,,,○,
346,医療法人新産健会 ことに・メディカル・サポート・クリニック,北海道札幌市,西区,八軒1条西1丁目2-10 ザ・タワープレイス1階,011,631-3101,,,○,,,,,○,,,○,
347,医療法人親和 すずらん小児科,北海道札幌市,西区,八軒1条西1丁目2-10 ザ・タワープレイス1階,011,633-8088,○,○,○,○,○,○,○,○,○,○,○,○
348,洞田内科クリニック,北海道札幌市,西区,八軒1条西1丁目2-10 ザ・タワープレイス2階,011,632-0255,,,,,,,,○,,,,
349,医療法人社団明Th会 イムス札幌消化器中央総合病院,北海道札幌市,西区,八軒2条西1丁目1-1,011,611-1391,,,,,,,,,,,,○
350,医療法人社団 カワカミウイメンズクリニック,北海道札幌市,西区,八軒5条東1丁目6-19,011,641-6507,,,,,,,,○,,,,
351,つちだ消化器循環器内科,北海道札幌市,西区,八軒7条西3丁目1-1,011,640-5532,○,○,○,○,○,○,○,○,○,○,○,○
352,ゆきのかなでクリニック,北海道札幌市,西区,八軒10条西12丁目4-8,011,213-9351,,,,,,,,,,,,○
353,医療法人札幌がんフォレスト 癒しの森内科・消化器内科クリニック,北海道札幌市,西区,発寒2条5丁目6-5,011,668-1184,,,,,,,,○,,,,
354,医療法人社団 いとう内科・胃腸科,北海道札幌市,西区,発寒4条4丁目1-18,011,661-1000,,,,,,,,○,,,,
355,医療法人聖愛会 発寒中央病院,北海道札幌市,西区,発寒5条6丁目10-1,011,661-2111,○,○,○,○,○,○,○,○,○,○,○,○
356,医療法人社団 はねだ内科クリニック,北海道札幌市,西区,発寒6条3丁目2-10,011,666-2227,,,,,,○,○,○,,○,○,
357,内科・消化器内科 Ｋクリニック,北海道札幌市,西区,発寒6条9丁目2-15 ニッセ宮の沢2階,011,667-7007,,,,,,,,,,,○,
358,医療法人社団 いなべ医院,北海道札幌市,西区,発寒6条11丁目7-18,011,662-1389,○,○,○,○,○,○,○,,○,,,
359,医療法人社団宮の沢総合クリニック,北海道札幌市,西区,発寒6条13丁目1-22,011,671-7710,,,,,,,,○,,,,
360,かなや内科クリニック,北海道札幌市,西区,発寒7条12丁目3-46 発寒クリニックビル1F,011,669-6000,,,,,,,,,,,○,
361,医療法人社団 ふるた小児科クリニック,北海道札幌市,西区,発寒11条1丁目10-75,011,671-1188,○,○,○,○,○,○,○,○,○,○,○,○
362,医療法人社団 鉄工団地診療所,北海道札幌市,西区,発寒12条5丁目3-20,011,661-1261,○,○,○,○,○,○,○,○,○,○,○,○
363,医療法人社団 太田内科歯科,北海道札幌市,西区,発寒13条3丁目7-45,011,664-6780,,,,,,,,○,,,,
364,医療法人社団 百石内科循環器クリニック,北海道札幌市,西区,福井2丁目3-16,011,663-3885,○,○,○,○,○,○,○,○,○,○,○,○
365,医療法人社団 首藤内科,北海道札幌市,西区,平和1条4丁目1-7,011,664-3737,,,,,,○,○,○,,,,○
366,クリニックもりや,北海道札幌市,西区,宮の沢1条1丁目1-3,011,669-8003,,,○,○,○,○,○,○,○,,,○
367,社会医療法人孝仁会札幌西孝仁会クリニック,北海道札幌市,西区,宮の沢1条1丁目1-30,011,590-0322,,,,,,,,○,,,,
368,医療法人社団 にこにこ小児科クリニック,北海道札幌市,西区,宮の沢1条4丁目7-20 輪島ビル2階,011,667-3311,○,○,,○,○,○,○,○,○,○,○,○
369,医療法人社団 ひろ内科循環器科クリニック,北海道札幌市,西区,宮の沢3条5丁目24-10,011,671-2727,,,○,,○,,,○,,,,
370,ため小児科医院,北海道札幌市,西区,山の手2条1丁目6-14,011,611-3718,○,○,○,○,○,○,○,○,○,○,○,○
371,みずしま内科クリニック,北海道札幌市,西区,山の手2条6丁目3-8,011,632-6600,○,○,○,○,○,○,○,○,○,○,,○
372,クリニークアンジェ牧山内科,北海道札幌市,西区,山の手3条12丁目1-34,011,632-0123,,,○,,○,○,○,○,○,○,○,
373,独立行政法人国立病院機構 北海道医療センター,北海道札幌市,西区,山の手5条7丁目1-1,011,611-8111,○,○,○,○,○,○,○,○,○,○,○,○
374,医療法人 札幌山の上病院,北海道札幌市,西区,山の手6条9丁目1-1,011,621-1200,,,,,,,,,,,○,
375,医療法人社団栄仁会 栄通わたなべ内科皮ふ科,北海道札幌市,白石区,栄通8丁目2-1,011,858-3311,,,,,,,,○,,,,
376,医療法人社団 小路内科消化器クリニック,北海道札幌市,白石区,栄通15丁目9-35,011,853-1331,○,○,○,○,○,○,○,○,○,○,○,○
377,協全内科クリニック,北海道札幌市,白石区,栄通17丁目13-13,011,852-3181,○,○,○,○,○,○,○,,○,○,○,○
378,医療法人社団 やまうち内科クリニック,北海道札幌市,白石区,栄通19丁目1-1,011,851-5600,○,○,○,○,○,○,○,○,,,,○
379,医療法人孝友会 ごう内科クリニック,北海道札幌市,白石区,栄通21丁目1-16,011,850-5050,,,○,○,○,,,○,○,,,
380,なかの耳鼻咽喉科医院,北海道札幌市,白石区,栄通21丁目1-16 丁目22-35,011,854-4133,,,,,,,,,○,,,
381,医療法人社団 大屋医院,北海道札幌市,白石区,川下2条7丁目2-5,011,873-1123,○,○,○,○,○,○,○,○,○,○,○,○
382,医療法人菊郷会 石橋胃腸病院,北海道札幌市,白石区,川下3条4丁目2-1,011,872-5811,,,,,,,,○,,,,
383,川下ばく内科,北海道札幌市,白石区,川下4条5丁目4-14,011,374-4389,○,○,○,○,○,○,○,○,○,○,○,○
384,社会福祉法人北翔会 札幌あゆみの園,北海道札幌市,白石区,川北2254番地1,011,879-5555,○,○,○,○,○,○,○,○,○,○,○,○
385,医療法人社団 川北内科循環器科医院,北海道札幌市,白石区,川北2条3丁目2-25,011,872-4533,○,○,○,○,○,○,○,○,○,○,○,○
386,医療法人社団 木村医院,北海道札幌市,白石区,菊水1条1丁目3-33,011,811-4403,,,,,,○,○,○,,,,
387,菊水内科循環器クリニック,北海道札幌市,白石区,菊水3条2丁目4-1ニューギン札幌ビル２F,011,827-6688,,,,,,,,,,,○,
388,勤医協札幌病院,北海道札幌市,白石区,菊水4条1丁目9-22,011,811-2246,○,○,○,○,○,○,○,○,○,○,○,○
389,独立行政法人国立病院機構 北海道がんセンター,北海道札幌市,白石区,菊水4条2丁目3-54,011,811-9111,,,,,,,,○,,,,
390,みなみハート内科クリニック,北海道札幌市,白石区,菊水6条2丁目1-34 シュタットハウス札幌1階,011,818-3737,○,○,○,○,○,○,○,○,○,○,○,○
391,中島内科胃腸科クリニック,北海道札幌市,白石区,菊水上町1条3丁目36,011,811-2726,○,○,○,○,○,○,○,○,○,,○,
392,医療法人社団  みんなのこどもクリニック,北海道札幌市,白石区,菊水元町5条2丁目2-4 Ucラポール1F,011,876-1717,○,○,○,○,○,○,○,○,○,○,○,○
393,医療法人社団薫風会 青空たけうち内科クリニック,北海道札幌市,白石区,菊水元町5条2丁目2-40,011,872-3558,○,○,○,○,○,○,○,○,○,○,○,○
394,医療法人菊郷会 札幌センチュリー病院,北海道札幌市,白石区,菊水元町5条3丁目5-10,011,871-1121,,,,,,,,○,,,,
395,医療法人社団 野村内科医院,北海道札幌市,白石区,北郷2条1丁目2-4,011,873-3476,,,○,,,,,○,,,,
396,医療法人社団 まつもと小児科,北海道札幌市,白石区,北郷2条4丁目3-5 北郷メディカルビル2階,011,871-2277,○,○,○,○,○,○,○,○,○,○,○,○
397,北郷医院,北海道札幌市,白石区,北郷3条5丁目13-1,011,873-1960,,,○,○,○,,,○,○,○,○,
398,医療法人社団日吉会 そねざき内科小児科医院,北海道札幌市,白石区,北郷3条7丁目1-15,011,873-2227,○,○,○,○,○,○,○,○,○,○,○,○
399,医療法人社団誠医会 よつばクリニック,北海道札幌市,白石区,東札幌1条2丁目1-3,011,825-1055,,,,,,,,○,,,,
400,医療法人社団毬会 内科丹田クリニック,北海道札幌市,白石区,東札幌4条1丁目1-1 イーアス札幌Bタウン2階,011,817-1188,,,,,,,,○,,,○,
401,医療法人社団 きよみず公園クリニック,北海道札幌市,白石区,東札幌4条3丁目6-1,011,813-6311,○,,○,○,○,○,○,,○,○,○,○
402,医療法人社団 響 さくら内科クリニック,北海道札幌市,白石区,東札幌4条4丁目1-18  2階,011,817-2171,○,○,○,○,○,○,○,○,,,,○
403,川端医院,北海道札幌市,白石区,東札幌5条4丁目3-2,011,831-2702,○,○,○,○,○,○,○,○,○,○,○,○
404,医療法人社団明日佳 白石明日佳病院,北海道札幌市,白石区,東札幌5条5丁目2-5,011,823-5151,,,,,,,,,,○,○,
405,医療法人社団明珠会 札幌白石産科婦人科病院,北海道札幌市,白石区,東札幌5条6丁目6-28,011,862-7211,,,,,,,,○,,,,
406,社会医療法人北楡会 札幌北楡病院,北海道札幌市,白石区,東札幌6条6丁目5-1,011,865-0111,○,○,○,○,○,○,○,○,○,○,○,○
407,医療法人社団智愛会 なかた小児科,北海道札幌市,白石区,南郷通1丁目北1-1 白石メディカル2階,011,864-8668,○,○,○,○,○,○,○,○,○,○,○,○
408,医療法人社団 白石こどもクリニック,北海道札幌市,白石区,南郷通2丁目北2-1 ル・ノール南郷街,011,865-7302,○,○,○,○,○,○,○,○,○,○,,○
409,北海道医療Th協 緑愛クリニック,北海道札幌市,白石区,南郷通6丁目北3-24,011,868-8866,,,○,,○,,,○,,,,
410,秀愛会内科消化器科クリニック,北海道札幌市,白石区,南郷通8丁目南5-1 第2タヂカビル1階,011,860-7676,,,○,○,○,,,○,,,,
411,医療法人社団 山中たつる小児科,北海道札幌市,白石区,南郷通11丁目南3-9,011,866-5555,○,○,○,○,○,○,○,○,○,○,○,○
412,医療法人社団清香会 おおしま内科・胃腸科クリニック,北海道札幌市,白石区,南郷通18丁目北3-28,011,866-5511,○,○,○,○,○,○,○,○,○,○,○,○
413,ＥＶＥウィミンズクリニック,北海道札幌市,白石区,南郷通21丁目南5-41,011,866-0808,○,○,○,○,○,○,○,○,○,○,○,○
414,医療法人 白石中央病院,北海道札幌市,白石区,平和通3丁目北2-3,011,861-8171,,,○,○,○,○,○,○,○,,,
415,勤医協平和通りクリニック,北海道札幌市,白石区,平和通7丁目南5-1,011,864-0912,,,,,,,,,,,,○
416,医療法人社団 ひらい内科小児科,北海道札幌市,白石区,平和通9丁目南3-1,011,861-5122,○,○,○,○,○,○,○,○,○,○,○,○
417,医療法人社団佐分利内科医院,北海道札幌市,白石区,本郷通10丁目南1-23,011,864-1751,,,,,,,,○,,,,
418,医療法人社団 みどり内科クリニック,北海道札幌市,白石区,本郷通13丁目南4-27 ムトウビル2階,011,866-4563,,,,,,,,,,○,○,
419,医療法人社団 渡辺一彦小児科医院,北海道札幌市,白石区,本通（南）1丁目南1-13,011,865-8688,○,,○,○,○,○,○,○,○,○,○,○
420,医療法人社団慈昂会 白石内科クリニック,北海道札幌市,白石区,中央1条7丁目10-30白石中央メディカルビル１Ｆ,011,868-2711,,,,,,,,○,,○,○,
421,医療法人信佑会 吉田記念病院,北海道札幌市,白石区,本通2丁目南5-10,011,864-2125,,,○,,,,,○,,,○,
422,医療法人社団 広川内科クリニック,北海道札幌市,白石区,本通3丁目南2-38,011,861-2026,,,○,○,○,○,,○,,,○,
423,松田内科循環器クリニック,北海道札幌市,白石区,本通8丁目南1-30,011,867-8000,,,,,,○,○,○,,,○,○
424,内科胃腸科クリニック長尾医院,北海道札幌市,白石区,本通（南）11丁目南1-9,011,861-4696,,,○,○,○,,,○,,○,○,
425,医療法人社団 小川医院,北海道札幌市,白石区,本通16丁目北11-14,011,864-7995,○,○,○,○,○,○,○,○,○,○,○,○
426,医療法人社団恵幼会 わたなべ小児科・アレルギー科クリニック,北海道札幌市,手稲区,曙1条1丁目1-25,011,699-1000,○,○,○,○,○,○,○,○,○,○,○,○
427,社会医療法人延山会 西成病院,北海道札幌市,手稲区,曙2条2丁目2-27,011,681-9321,,,,,,,,○,,,,
428,医療法人社団喜倜会 おちあい内科・消化器内科医院,北海道札幌市,手稲区,曙4条3丁目17-21,011,685-5858,,,,,○,,,○,,,○,
429,さかいの小児科,北海道札幌市,手稲区,曙6条2丁目2-16,011,691-9131,○,○,○,○,○,○,○,○,○,○,○,○
430,医療法人社団 手稲あけぼのレディースクリニック,北海道札幌市,手稲区,曙6条2丁目2-10,011,695-4103,,,,,,,,○,,,,
431,医療法人明日風こどもクリニック,北海道札幌市,手稲区,明日風5丁目9-1,011,685-0122,○,○,○,○,○,○,○,○,○,○,○,○
432,医療法人社団 上原内科クリニック,北海道札幌市,手稲区,稲穂1条7丁目2-21,011,681-7070,,,○,,,,,○,,,,
433,医療法人社団弘誓会 菊地内科・呼吸器科,北海道札幌市,手稲区,稲穂2条7丁目1-5 稲穂メディカルコア,011,694-1881,,,,,,,,,,,○,
434,北海道立子ども総合医療・療育センター,北海道札幌市,手稲区,金山1条1丁目240番6,011,691-5696,○,○,○,○,○,○,○,○,○,○,○,○
435,医療法人社団隆恵会わだ内科外科クリニック,北海道札幌市,手稲区,金山1条2丁目1-16,011,699-1500,,,,,,,,,,,○,
436,医療法人 かわばた内科クリニック,北海道札幌市,手稲区,新発寒4条5丁目13-13,011,688-2525,○,○,○,○,○,○,○,○,,○,○,
437,医療法人社団友善会 新発寒ファミリークリニック,北海道札幌市,手稲区,新発寒5条5丁目6-1,011,691-2100,,,○,,○,,,,,,○,
438,医療法人社団 むらさき内科・循環器クリニック,北海道札幌市,手稲区,手稲本町1条3丁目3-1 メディカルスクエア手稲２階,011,682-3222,,,○,,,,,○,,○,○,
439,すぎはら小児科・アレルギー科,北海道札幌市,手稲区,手稲本町1条3丁目3-1 メディカルスクエア手稲3階,011,681-2369,○,○,○,○, ○,○,○,○,○,○,○,○
440,医療法人 はだ産婦人科クリニック,北海道札幌市,手稲区,手稲本町2条5丁目3-12,011,685-1103,○,○,○,○,○,○,○,○,○,○,○,○
441,医療法人社団稲信会 まえだ森林クリニック,北海道札幌市,手稲区,手稲前田496番地11,011,685-6060,,,,,,,,○,,,○,
442,医療法人北武会 北都病院,北海道札幌市,手稲区,手稲山口550番２,011,683-6667,,,,,,,,,,,○,
443,医療法人社団  香友会富丘まごころ内科クリニック,北海道札幌市,手稲区,富丘1条4丁目1-1,011,699-8881,,,○,,,,,○,,,○,
444,医療法人社団 澤井内科循環器クリニック,北海道札幌市,手稲区,富丘1条4丁目5-33 マックスメディカルビル2階,011,695-0112,,,,,,,,○,,,,
445,医療法人社団 わたなべクリニック,北海道札幌市,手稲区,富丘2条7丁目2-6,011,681-1200,,,,,,,,○,○,,○,
446,さくらレディースクリニック,北海道札幌市,手稲区,富丘2条7丁目6-15,011,695-8118,,,,,,,,○,,○,○,
447,おのでら内科クリニック,北海道札幌市,手稲区,西宮の沢2条4丁目1-1,011,695-5508,○,○,○,○,○,○,○,○,○,○,○,○
448,ささき内科クリニック,北海道札幌市,手稲区,西宮の沢3条1丁目12-25,011,667-2000,,,○,,,,,○,,○,○,
449,医療法人育愛会 愛産婦人科,北海道札幌市,手稲区,西宮の沢4条2丁目1-1,011,669-5503,,,,,,,,○,,,,
450,医療法人社団 星置駅前内科医院,北海道札幌市,手稲区,星置1条4丁目2-12 星置駅前メディカル,011,694-1451,,,,,,,,○,,,,
451,医療法人社団 たかだ小児クリニック,北海道札幌市,手稲区,星置1条4丁目2-12 星置駅前メディカル,011,694-8122,○,○,○,○,○,○,○,○,○,○,○,○
452,医療法人啓眞会くにちか内科クリニック,北海道札幌市,手稲区,星置1条4丁目7-2,011,688-1133,,,○,,,,,○,,,○,
453,医療法人社団真愛会 札幌ファミリークリニック,北海道札幌市,手稲区,星置2条4丁目2-22,011,695-5211,○,○,○,○,○,○,○,○,○,○,○,○
454,医療法人社団 美田内科循環器科クリニック,北海道札幌市,手稲区,星置2条4丁目7-43,011,685-3300,,,,,,,,○,,,,
455,医療法人渓仁会 手稲渓仁会病院,北海道札幌市,手稲区,前田1条12丁目1-40,011,681-8111,○,○,○,○,○,○,○,○,○,○,○,○
456,医療法人渓仁会 手稲渓仁会クリニック,北海道札幌市,手稲区,前田1条12丁目2-15,011,685-3888,○,○,○,○,○,○,○,○,○,○,○,○
457,Th涯医療クリニックさっぽろ,北海道札幌市,手稲区,前田1条12丁目357番地22,011,685-2799,○,○,○,○,○,○,○,○,○,○,○,
458,医療法人渓仁会 手稲家庭医療クリニック,北海道札幌市,手稲区,前田2条10丁目1-10,011,685-3920,○,○,○,○,○,○,○,○,○,○,○,
459,医療法人社団 たけうち小児科,北海道札幌市,手稲区,前田4条11丁目8-6,011,694-5555,○,○,○,○,○,○,○,,○,○,○,○
460,よまいだ内科医院,北海道札幌市,手稲区,前田6条9丁目2-8,011,684-0651,,,,,,,,,,,○,
461,旭町医院,北海道札幌市,豊平区,旭町3丁目2-36,011,811-0345,,,○,,,,,,,,,
462,勤医協月寒ファミリークリニック,北海道札幌市,豊平区,月寒中央通4丁目1-15,011,851-0229,○,○,○,○,○,○,○,○,○,○,○,○
463,月寒こどもクリニック,北海道札幌市,豊平区,月寒中央通7丁目6-20 JA月寒中央ビル5階,011,856-9181,○,○,○,○,○,○,○,○,○,○,○,○
464,医療法人社団豊水会たねいちリウマチクリニック,北海道札幌市,豊平区,月寒中央通8丁目4-7,011,853-7307,,,,,,,,○,,,,
465,医療法人社団札幌朗愛会  札幌朗愛会病院,北海道札幌市,豊平区,月寒西1条10丁目3-30,011,853-2111,,,,,,○,○,○,,,,
466,医療法人社団 川村小児科医院,北海道札幌市,豊平区,月寒西2条10丁目2-75,011,853-2888,○,○,○,○,○,○,○,○,○,○,○,○
467,はせがわ内科クリニック,北海道札幌市,豊平区,月寒西4条10丁目7-17,011,851-0610,,○,○,,,,,,○,○,○,○
468,月寒のぶおか内科消化器内科,北海道札幌市,豊平区,月寒東1条4丁目3-8,011,859-7701,,,,,,,,○,,"○13歳以上",○,
469,医療法人社団グロリア会 月寒グロリアクリニック,北海道札幌市,豊平区,月寒東3条16丁目3-8,011,854-4103,,,,,,,,○,,,,
470,医療法人社団のえる小児科,北海道札幌市,豊平区,月寒東3条17丁目1-20,011,858-0505,○,○,○,○,○,○,○,○,○,○,○,○
471,医療法人社団 北野通内科循環器クリニック,北海道札幌市,豊平区,月寒東3条18丁目22-20,011,853-8800,,,,,,,,○,,,○,
472,なんば内科循環器クリニック,北海道札幌市,豊平区,月寒東4条7丁目8-28,011,859-8800,,,,,,,,○,,,,
473,神田産科婦人科クリニック,北海道札幌市,豊平区,豊平3条1丁目1-33,011,841-1103,,,,,,,,○,,,,
474,医療法人社団 とよひら公園内科クリニック,北海道札幌市,豊平区,豊平4条11丁目3-5,011,811-1518,,,○,,○,○,○,○,○,"○3歳以上",○,
475,医療法人社団 豊平おおたこどもクリニック,北海道札幌市,豊平区,豊平4条3丁目3-10 豊平メディカルプラザ1階,011,815-2525,○,○,○,○,○,○,○,○,○,○,○,○
476,たけだ内科胃腸科クリニック,北海道札幌市,豊平区,豊平4条3丁目3-10 豊平メディカルプラザ1階,011,823-1100,,,○,,○,,,○,,,,
477,三浦内科循環器クリニック,北海道札幌市,豊平区,豊平6条2丁目2-12,011,821-5726,,,,,,,,,,,○,
478,医療法人北志会 札幌ライラック病院,北海道札幌市,豊平区,豊平6条8丁目2-18,011,812-8822,,,,,,,,○,,,,
479,医療法人おひげせんせいのこどもクリニック,北海道札幌市,豊平区,豊平7条10丁目3-18,011,820-1061,○,○,○,○,○,○,○,○,○,○,○,○
480,医療法人社団醫王会 緑の街診療所,北海道札幌市,豊平区,豊平7条13丁目1-1,011,825-9912,,,,,,,,,,○,○,
481,中の島せつこ内科クリニック,北海道札幌市,豊平区,中の島1条2丁目3-15,011,820-3900,,,,,,,,○,,,,
482,独立行政法人  地域医療機能推進機構  北海道病院,北海道札幌市,豊平区,中の島1条8丁目3-18,011,831-5151,○,○,○,○,○,○,○,○,○,○,○,○
483,医療法人社団恵山会 中の島内科・消化器内科クリニック,北海道札幌市,豊平区,中の島2条2丁目1-1 中の島ステーションビル2階,011,821-3113,,,,,,,,○,,,,
484,中の島診療所,北海道札幌市,豊平区,中の島2条2丁目2-1,011,831-2387,○,○,○,○,○,○,○,○,○,○,○,○
485,医療法人社団 中里内科胃腸科クリニック,北海道札幌市,豊平区,中の島2条5丁目9-1 石丸メディカルビル2階,011,815-8833,,,,,,,,○,,,,
486,松本内科クリニック,北海道札幌市,豊平区,西岡4条1丁目5-1,011,852-1353,,,,,,,,○,,,,
487,医療法人社団 西岡こどもクリニック,北海道札幌市,豊平区,西岡4条4丁目1-1 西岡メディカルビル2階,011,855-0770,○,○,○,○,○,○,○,○,○,○,○,○
488,社会医療法人恵和会 西岡病院,北海道札幌市,豊平区,西岡4条4丁目1-52,011,853-8322,,,,,,,,○,,,○,
489,医療法人社団ごとう内科クリニック,北海道札幌市,豊平区,西岡4条7丁目7-1,011,858-7771,,,○,,,,,○,,,,
490,社会医療法人恵和会 西岡水源池通りクリニック,北海道札幌市,豊平区,西岡4条13丁目17-1,011,584-5512,,,,,,,,○,,,○,
491,ＫＫＲ札幌医療センター,北海道札幌市,豊平区,平岸1条6丁目3-40,011,822-1811,○,○,○,○,○,○,○,○,○,○,,○
492,医療法人 たんぽぽ小児科,北海道札幌市,豊平区,平岸1条15丁目3-12,011,876-0383,○,○,○,○,○,○,○,○,○,○,○,○
493,医療法人社団恒仁会  南さっぽろ小児科,北海道札幌市,豊平区,平岸1条22丁目2-15,011,820-8222,○,○,○,○,○,○,○,○,○,○,○,○
494,小笠原医院,北海道札幌市,豊平区,平岸2条5丁目1-12 ヤナギダビル1階,011,812-1788,○,○,○,○,○,○,○,○,○,○,○,○
495,やなづめ小児科・アレルギー科クリニック,北海道札幌市,豊平区,平岸2条7丁目3-1 アルファビルⅣ2階,011,595-8341,○,○,○,○,○,○,○,○,○,○,○,○
496,医療法人社団 やなづめ内科・循環器クリニック,北海道札幌市,豊平区,平岸2条8丁目4-17,011,822-1271,○,○,○,○,○,○,○,○,○,,○,
497,北郷内科医院,北海道札幌市,豊平区,平岸2条10丁目22-2,011,812-2864,,,○,○,○,,,○,,○,○,
498,まつぞの小児科医院,北海道札幌市,豊平区,平岸2条12丁目3-12,011,822-5000,○,○,○,○,○,○,○,○,○,○,○,○
499,髙木内科医院,北海道札幌市,豊平区,平岸2条14丁目1-22 今崎メディカルビル4階,011,812-1200,,,,,,,,○,,,,○
500,医療法人社団 平岸本町内科クリニック,北海道札幌市,豊平区,平岸3条6丁目1-36,011,822-6672,,,○,○,○,,,○,,,,
501,医療法人社団敬愛会 わかばやし内科クリニック,北海道札幌市,豊平区,平岸3条6丁目6-24,011,841-3288,,,,,,,,○,,,,
502,医療法人社団いちご会 美加レディースクリニック,北海道札幌市,豊平区,平岸3条13丁目5-21 南平岸ビル2階,011,833-7773,,,,,,,,○,,,,
503,医療法人社団 いし胃腸科内科医院,北海道札幌市,豊平区,平岸3条14丁目1-5,011,813-1220,,,,,,,,○,,,,
504,医療法人社団根本耳鼻咽喉科クリニック,北海道札幌市,豊平区,平岸4条14丁目2−3,011,815−3387,,,○,○,○,○,○,○,○,,,
505,医療法人社団 古山小児科内科医院,北海道札幌市,豊平区,平岸5条6丁目4-5,011,811-5417,○,○,○,○,○,○,○,○,○,○,○,○
506,医療法人社団 あいだクリニック循環器内科,北海道札幌市,豊平区,平岸5条7丁目8-22,011,820-1400,,,,,,,,○,,,,
507,医療法人社団 ふなはし内科消化器科クリニック,北海道札幌市,豊平区,平岸5条8丁目3-15,011,831-1375,○,○,○,○,○,○,○,○,○,,,
508,平岸脳神経クリニック,北海道札幌市,豊平区,平岸5条13丁目4-3,011,818-0055,,,,,,,,,,,○,
509,医療法人社団 七武会 内科・胃腸内科平岸台クリニック,北海道札幌市,豊平区,平岸7条14丁目1-38 金岡メディカルビル1階,011,811-3434,,,,,,,,○,,,,
510,医療法人社団慈昂会 福住内科クリニック,北海道札幌市,豊平区,福住2条1丁目2-5 イトーヨーカドー福住5階,011,836-3531,,,,,,,,○,,,○,
511,医療法人社団 小椋こどもクリニック,北海道札幌市,豊平区,福住2条1丁目2-5 福住メディカル6階,011,852-0211,○,○,○,○,○,○,○,○,○,○,○,○
512,吉田内科医院,北海道札幌市,豊平区,福住2条6丁目6-2,011,851-2571,,,,,,○,○,○,○,○,○,○
513,医療法人社団愛和会 愛内科クリニック,北海道札幌市,豊平区,福住3条1丁目2-22,011,836-3680,○,○,○,○,○,○,○,,,,○,
514,医療法人 福住産科婦人科クリニック,北海道札幌市,豊平区,福住3条1丁目2-24,011,836-1188,,,,,,,,○,,,,
515,医療法人社団 上村内科医院,北海道札幌市,豊平区,美園3条4丁目3-11,011,821-3223,,,,,,○,○,○,,○,○,○
516,医療法人社団新芽会 美園産婦人科小児科,北海道札幌市,豊平区,美園4条3丁目2-19,011,824-0303,○,○,○,○,○,○,○,○,○,○,○,○
517,内科・神経内科美園医院,北海道札幌市,豊平区,美園8条5丁目3-4,011,820-4820,,,,,,,,,,,○,